time_start,precipitation
1-Jan-81,0.724
6-Jan-81,0.567
11-Jan-81,0.494
16-Jan-81,0.484
21-Jan-81,0.859
26-Jan-81,4.239
1-Feb-81,6.259
6-Feb-81,1.497
11-Feb-81,6.156
16-Feb-81,1.363
21-Feb-81,3.436
26-Feb-81,11.184
1-Mar-81,4.918
6-Mar-81,3.602
11-Mar-81,2.06
16-Mar-81,1.825
21-Mar-81,1.563
26-Mar-81,3.269
1-Apr-81,6.441
6-Apr-81,4.332
11-Apr-81,15.15
16-Apr-81,17.539
21-Apr-81,10.46
26-Apr-81,23.45
1-May-81,27.139
6-May-81,30.888
11-May-81,16.404
16-May-81,41.837
21-May-81,40.831
26-May-81,43.208
1-Jun-81,31.497
6-Jun-81,82.273
11-Jun-81,51.826
16-Jun-81,65.848
21-Jun-81,45.06
26-Jun-81,19.457
1-Jul-81,55.571
6-Jul-81,48.679
11-Jul-81,52.829
16-Jul-81,85.353
21-Jul-81,47.59
26-Jul-81,48.518
1-Aug-81,88.287
6-Aug-81,83.968
11-Aug-81,57.085
16-Aug-81,38.011
21-Aug-81,32.143
26-Aug-81,39.805
1-Sep-81,25.627
6-Sep-81,27.367
11-Sep-81,45.039
16-Sep-81,75.947
21-Sep-81,48.683
26-Sep-81,35.705
1-Oct-81,44.628
6-Oct-81,18.163
11-Oct-81,51.119
16-Oct-81,26.381
21-Oct-81,15.993
26-Oct-81,71.109
1-Nov-81,25.144
6-Nov-81,55.753
11-Nov-81,29.135
16-Nov-81,17.402
21-Nov-81,11.48
26-Nov-81,22.829
1-Dec-81,5.826
6-Dec-81,4.09
11-Dec-81,0.981
16-Dec-81,1.064
21-Dec-81,1.099
26-Dec-81,1.182
1-Jan-82,0.9
6-Jan-82,1.265
11-Jan-82,0.577
16-Jan-82,0.563
21-Jan-82,0.636
26-Jan-82,1.028
1-Feb-82,1.751
6-Feb-82,1.676
11-Feb-82,6.433
16-Feb-82,1.617
21-Feb-82,5.562
26-Feb-82,1.564
1-Mar-82,2.744
6-Mar-82,5.367
11-Mar-82,1.491
16-Mar-82,1.22
21-Mar-82,8.042
26-Mar-82,25.387
1-Apr-82,13.522
6-Apr-82,7.278
11-Apr-82,27.523
16-Apr-82,21.965
21-Apr-82,8.119
26-Apr-82,4.233
1-May-82,6.76
6-May-82,31.313
11-May-82,34.861
16-May-82,24.986
21-May-82,33.367
26-May-82,28.451
1-Jun-82,48.977
6-Jun-82,82.446
11-Jun-82,39.241
16-Jun-82,45.281
21-Jun-82,25.782
26-Jun-82,82.027
1-Jul-82,40.334
6-Jul-82,35.179
11-Jul-82,65.001
16-Jul-82,79.522
21-Jul-82,42.942
26-Jul-82,25.353
1-Aug-82,56.953
6-Aug-82,55.059
11-Aug-82,33.07
16-Aug-82,65.924
21-Aug-82,54.208
26-Aug-82,69.918
1-Sep-82,90.694
6-Sep-82,107.499
11-Sep-82,16.585
16-Sep-82,36.155
21-Sep-82,48.055
26-Sep-82,37.087
1-Oct-82,24.242
6-Oct-82,42.926
11-Oct-82,24.091
16-Oct-82,17.497
21-Oct-82,37.623
26-Oct-82,24.648
1-Nov-82,5.553
6-Nov-82,26.881
11-Nov-82,8.399
16-Nov-82,15.348
21-Nov-82,6.012
26-Nov-82,6.063
1-Dec-82,1.811
6-Dec-82,3.269
11-Dec-82,1.038
16-Dec-82,3.946
21-Dec-82,1.21
26-Dec-82,1.314
1-Jan-83,1.019
6-Jan-83,0.846
11-Jan-83,0.586
16-Jan-83,0.563
21-Jan-83,0.686
26-Jan-83,2.241
1-Feb-83,1.266
6-Feb-83,1.371
11-Feb-83,1.552
16-Feb-83,1.423
21-Feb-83,1.768
26-Feb-83,1.162
1-Mar-83,2.655
6-Mar-83,3.002
11-Mar-83,1.599
16-Mar-83,1.444
21-Mar-83,1.414
26-Mar-83,1.426
1-Apr-83,2.644
6-Apr-83,1.985
11-Apr-83,2.269
16-Apr-83,2.21
21-Apr-83,2.322
26-Apr-83,14.766
1-May-83,17.59
6-May-83,44.782
11-May-83,3.17
16-May-83,26.809
21-May-83,30.962
26-May-83,58.443
1-Jun-83,11.979
6-Jun-83,93.182
11-Jun-83,22.086
16-Jun-83,13.911
21-Jun-83,86.71
26-Jun-83,55.987
1-Jul-83,25.514
6-Jul-83,58.309
11-Jul-83,55.466
16-Jul-83,79.985
21-Jul-83,34.929
26-Jul-83,56.188
1-Aug-83,58.011
6-Aug-83,87.461
11-Aug-83,60.743
16-Aug-83,74.185
21-Aug-83,43.756
26-Aug-83,70.479
1-Sep-83,37.256
6-Sep-83,57.918
11-Sep-83,41.874
16-Sep-83,28.807
21-Sep-83,41.35
26-Sep-83,91.539
1-Oct-83,43.495
6-Oct-83,120.449
11-Oct-83,92.584
16-Oct-83,75.959
21-Oct-83,26.451
26-Oct-83,52.717
1-Nov-83,13.868
6-Nov-83,35.615
11-Nov-83,32.062
16-Nov-83,15.827
21-Nov-83,7.462
26-Nov-83,3.313
1-Dec-83,1.949
6-Dec-83,1.677
11-Dec-83,1.757
16-Dec-83,1.674
21-Dec-83,2.025
26-Dec-83,3.385
1-Jan-84,1.819
6-Jan-84,0.916
11-Jan-84,0.781
16-Jan-84,0.941
21-Jan-84,1.93
26-Jan-84,2.132
1-Feb-84,1.052
6-Feb-84,1.382
11-Feb-84,2.132
16-Feb-84,2.115
21-Feb-84,2.952
26-Feb-84,1.044
1-Mar-84,1.797
6-Mar-84,2.082
11-Mar-84,2.111
16-Mar-84,7.633
21-Mar-84,8.247
26-Mar-84,20.368
1-Apr-84,4.401
6-Apr-84,6.651
11-Apr-84,4.977
16-Apr-84,20.894
21-Apr-84,46.6
26-Apr-84,48.694
1-May-84,37.384
6-May-84,49.401
11-May-84,27.586
16-May-84,45.172
21-May-84,41.967
26-May-84,53.13
1-Jun-84,60.442
6-Jun-84,115.457
11-Jun-84,54.05
16-Jun-84,49.511
21-Jun-84,56.526
26-Jun-84,56.917
1-Jul-84,57.412
6-Jul-84,37.837
11-Jul-84,25.169
16-Jul-84,29.023
21-Jul-84,43.892
26-Jul-84,43.516
1-Aug-84,26.009
6-Aug-84,70.826
11-Aug-84,69.698
16-Aug-84,89.795
21-Aug-84,45.092
26-Aug-84,100.229
1-Sep-84,62.683
6-Sep-84,49.95
11-Sep-84,41.95
16-Sep-84,32.699
21-Sep-84,38.327
26-Sep-84,62.233
1-Oct-84,46.657
6-Oct-84,44.376
11-Oct-84,64.04
16-Oct-84,29.014
21-Oct-84,8.552
26-Oct-84,7.82
1-Nov-84,35.724
6-Nov-84,6.418
11-Nov-84,6.568
16-Nov-84,4.273
21-Nov-84,3.988
26-Nov-84,11.729
1-Dec-84,2.25
6-Dec-84,4.311
11-Dec-84,1.336
16-Dec-84,5.035
21-Dec-84,2.234
26-Dec-84,1.603
1-Jan-85,1.037
6-Jan-85,0.747
11-Jan-85,0.627
16-Jan-85,0.604
21-Jan-85,1.715
26-Jan-85,1.287
1-Feb-85,1.42
6-Feb-85,2.672
11-Feb-85,3.596
16-Feb-85,2.077
21-Feb-85,2.593
26-Feb-85,5.166
1-Mar-85,16.947
6-Mar-85,4.013
11-Mar-85,2.841
16-Mar-85,2.287
21-Mar-85,9.152
26-Mar-85,27.855
1-Apr-85,3.431
6-Apr-85,3.805
11-Apr-85,10.76
16-Apr-85,48.721
21-Apr-85,36.711
26-Apr-85,76.203
1-May-85,10.179
6-May-85,38.271
11-May-85,56.277
16-May-85,49.686
21-May-85,19.359
26-May-85,42.067
1-Jun-85,53.704
6-Jun-85,24.949
11-Jun-85,65.654
16-Jun-85,90.504
21-Jun-85,39.851
26-Jun-85,21.98
1-Jul-85,46.195
6-Jul-85,64.365
11-Jul-85,49.498
16-Jul-85,44.919
21-Jul-85,35.09
26-Jul-85,37.673
1-Aug-85,56.646
6-Aug-85,60.925
11-Aug-85,29.895
16-Aug-85,38.498
21-Aug-85,29.033
26-Aug-85,30.293
1-Sep-85,62.027
6-Sep-85,72.716
11-Sep-85,72.295
16-Sep-85,43.103
21-Sep-85,64.422
26-Sep-85,27.957
1-Oct-85,38.252
6-Oct-85,26.547
11-Oct-85,45.243
16-Oct-85,26.986
21-Oct-85,26.774
26-Oct-85,23.812
1-Nov-85,8.264
6-Nov-85,29.752
11-Nov-85,18.747
16-Nov-85,7.935
21-Nov-85,21.522
26-Nov-85,23.216
1-Dec-85,2.886
6-Dec-85,1.354
11-Dec-85,1.037
16-Dec-85,3.012
21-Dec-85,1.672
26-Dec-85,1.205
1-Jan-86,0.945
6-Jan-86,0.766
11-Jan-86,0.877
16-Jan-86,1.377
21-Jan-86,0.75
26-Jan-86,1.082
1-Feb-86,1.065
6-Feb-86,1.22
11-Feb-86,1.179
16-Feb-86,1.818
21-Feb-86,2.621
26-Feb-86,1.011
1-Mar-86,1.593
6-Mar-86,1.678
11-Mar-86,2.716
16-Mar-86,3.421
21-Mar-86,2.054
26-Mar-86,8.128
1-Apr-86,4.086
6-Apr-86,14.897
11-Apr-86,23.065
16-Apr-86,10.524
21-Apr-86,26.146
26-Apr-86,5.552
1-May-86,22.925
6-May-86,51.366
11-May-86,29.171
16-May-86,63.869
21-May-86,38.771
26-May-86,30.58
1-Jun-86,34.95
6-Jun-86,34.948
11-Jun-86,35.852
16-Jun-86,57.07
21-Jun-86,47.925
26-Jun-86,16.23
1-Jul-86,39.82
6-Jul-86,28.913
11-Jul-86,69.95
16-Jul-86,74.271
21-Jul-86,53.472
26-Jul-86,58.617
1-Aug-86,56.607
6-Aug-86,78.485
11-Aug-86,76.282
16-Aug-86,88.51
21-Aug-86,54.005
26-Aug-86,62.719
1-Sep-86,61.206
6-Sep-86,103.625
11-Sep-86,40.5
16-Sep-86,26.771
21-Sep-86,41.83
26-Sep-86,72.491
1-Oct-86,61.643
6-Oct-86,23.729
11-Oct-86,46.649
16-Oct-86,52.585
21-Oct-86,60.43
26-Oct-86,42.771
1-Nov-86,4.418
6-Nov-86,8.202
11-Nov-86,15.769
16-Nov-86,18.2
21-Nov-86,4.333
26-Nov-86,5.033
1-Dec-86,12.084
6-Dec-86,1.876
11-Dec-86,1.054
16-Dec-86,1.267
21-Dec-86,1.245
26-Dec-86,1.451
1-Jan-87,0.892
6-Jan-87,0.749
11-Jan-87,1.482
16-Jan-87,0.566
21-Jan-87,0.945
26-Jan-87,1.002
1-Feb-87,1.159
6-Feb-87,1.326
11-Feb-87,1.341
16-Feb-87,1.369
21-Feb-87,1.625
26-Feb-87,3.487
1-Mar-87,5.51
6-Mar-87,3.424
11-Mar-87,1.152
16-Mar-87,1.576
21-Mar-87,1.771
26-Mar-87,8.403
1-Apr-87,6.672
6-Apr-87,3.008
11-Apr-87,9.151
16-Apr-87,9.722
21-Apr-87,9.067
26-Apr-87,6.376
1-May-87,22.564
6-May-87,30.989
11-May-87,19.275
16-May-87,9.603
21-May-87,10.196
26-May-87,39.673
1-Jun-87,52.29
6-Jun-87,56.106
11-Jun-87,41.579
16-Jun-87,89.49
21-Jun-87,27.638
26-Jun-87,17.814
1-Jul-87,74.506
6-Jul-87,47.285
11-Jul-87,34.022
16-Jul-87,64.178
21-Jul-87,20.619
26-Jul-87,63.977
1-Aug-87,34.556
6-Aug-87,17.449
11-Aug-87,65.064
16-Aug-87,79.488
21-Aug-87,90.306
26-Aug-87,33.637
1-Sep-87,46.995
6-Sep-87,64.12
11-Sep-87,72.371
16-Sep-87,53.182
21-Sep-87,42.214
26-Sep-87,31.654
1-Oct-87,36.995
6-Oct-87,29.635
11-Oct-87,31.61
16-Oct-87,10.552
21-Oct-87,13.659
26-Oct-87,24.836
1-Nov-87,29.812
6-Nov-87,31.833
11-Nov-87,30.701
16-Nov-87,24.758
21-Nov-87,13.505
26-Nov-87,28.864
1-Dec-87,1.362
6-Dec-87,1.28
11-Dec-87,1.168
16-Dec-87,1.006
21-Dec-87,1.064
26-Dec-87,1.129
1-Jan-88,0.79
6-Jan-88,0.61
11-Jan-88,0.746
16-Jan-88,0.482
21-Jan-88,0.773
26-Jan-88,3
1-Feb-88,8.486
6-Feb-88,4.12
11-Feb-88,4.595
16-Feb-88,5.207
21-Feb-88,4.323
26-Feb-88,4.595
1-Mar-88,7.035
6-Mar-88,3.864
11-Mar-88,4.937
16-Mar-88,3.781
21-Mar-88,9.42
26-Mar-88,4.94
1-Apr-88,5.653
6-Apr-88,15.123
11-Apr-88,16.172
16-Apr-88,18.94
21-Apr-88,23.536
26-Apr-88,28.066
1-May-88,42.453
6-May-88,33.678
11-May-88,54.062
16-May-88,17.559
21-May-88,35.717
26-May-88,53.68
1-Jun-88,68.607
6-Jun-88,55.524
11-Jun-88,78.288
16-Jun-88,45.872
21-Jun-88,14.966
26-Jun-88,34.025
1-Jul-88,29.428
6-Jul-88,25.982
11-Jul-88,85.099
16-Jul-88,46.741
21-Jul-88,37.006
26-Jul-88,53.024
1-Aug-88,30.788
6-Aug-88,34.121
11-Aug-88,27.251
16-Aug-88,27.096
21-Aug-88,51.771
26-Aug-88,69.693
1-Sep-88,14.796
6-Sep-88,44.236
11-Sep-88,43.041
16-Sep-88,92.273
21-Sep-88,43.766
26-Sep-88,79.481
1-Oct-88,59.099
6-Oct-88,65.825
11-Oct-88,56.589
16-Oct-88,58.783
21-Oct-88,28.101
26-Oct-88,25.598
1-Nov-88,4.653
6-Nov-88,15.159
11-Nov-88,2.417
16-Nov-88,4.937
21-Nov-88,2.594
26-Nov-88,5.162
1-Dec-88,1.163
6-Dec-88,1.655
11-Dec-88,0.902
16-Dec-88,1.042
21-Dec-88,1.074
26-Dec-88,1.167
1-Jan-89,1.063
6-Jan-89,0.926
11-Jan-89,0.889
16-Jan-89,0.645
21-Jan-89,0.831
26-Jan-89,2.523
1-Feb-89,1.055
6-Feb-89,1.186
11-Feb-89,1.42
16-Feb-89,1.279
21-Feb-89,2.049
26-Feb-89,1.041
1-Mar-89,8.801
6-Mar-89,3.319
11-Mar-89,3.27
16-Mar-89,23.511
21-Mar-89,2.234
26-Mar-89,16.676
1-Apr-89,5.633
6-Apr-89,11.376
11-Apr-89,9.383
16-Apr-89,4.838
21-Apr-89,8.073
26-Apr-89,16.622
1-May-89,22.52
6-May-89,17.315
11-May-89,40.343
16-May-89,50.513
21-May-89,59.838
26-May-89,69.767
1-Jun-89,28.391
6-Jun-89,43.687
11-Jun-89,27.177
16-Jun-89,23.72
21-Jun-89,31.566
26-Jun-89,44.681
1-Jul-89,75.351
6-Jul-89,56.554
11-Jul-89,70.95
16-Jul-89,42.948
21-Jul-89,99.093
26-Jul-89,30.647
1-Aug-89,51.808
6-Aug-89,53.005
11-Aug-89,72.732
16-Aug-89,60.952
21-Aug-89,62.476
26-Aug-89,59.329
1-Sep-89,25.309
6-Sep-89,57.879
11-Sep-89,86.525
16-Sep-89,58
21-Sep-89,28.581
26-Sep-89,45.246
1-Oct-89,57.098
6-Oct-89,30.292
11-Oct-89,62.791
16-Oct-89,54.251
21-Oct-89,6.871
26-Oct-89,16.718
1-Nov-89,14.668
6-Nov-89,19.565
11-Nov-89,4.75
16-Nov-89,4.511
21-Nov-89,3.108
26-Nov-89,3.337
1-Dec-89,1.2
6-Dec-89,1.055
11-Dec-89,0.93
16-Dec-89,1.061
21-Dec-89,1.215
26-Dec-89,1.234
1-Jan-90,1.206
6-Jan-90,1.018
11-Jan-90,1.248
16-Jan-90,1.065
21-Jan-90,0.694
26-Jan-90,1.101
1-Feb-90,1.597
6-Feb-90,1.563
11-Feb-90,1.641
16-Feb-90,2.208
21-Feb-90,3.155
26-Feb-90,1.491
1-Mar-90,7.087
6-Mar-90,11.958
11-Mar-90,12.97
16-Mar-90,7.098
21-Mar-90,5.648
26-Mar-90,17.408
1-Apr-90,7.041
6-Apr-90,11.09
11-Apr-90,8.465
16-Apr-90,8.621
21-Apr-90,10.572
26-Apr-90,28.47
1-May-90,16.777
6-May-90,21.992
11-May-90,17.622
16-May-90,27.407
21-May-90,51.746
26-May-90,39.133
1-Jun-90,39.246
6-Jun-90,75.754
11-Jun-90,73.627
16-Jun-90,38.468
21-Jun-90,49.952
26-Jun-90,35.916
1-Jul-90,43.067
6-Jul-90,23.265
11-Jul-90,40.347
16-Jul-90,50.238
21-Jul-90,54.079
26-Jul-90,80.151
1-Aug-90,48.603
6-Aug-90,47.769
11-Aug-90,83.515
16-Aug-90,68.721
21-Aug-90,44.296
26-Aug-90,84.799
1-Sep-90,71.067
6-Sep-90,57.686
11-Sep-90,25.105
16-Sep-90,57.884
21-Sep-90,43.701
26-Sep-90,57.506
1-Oct-90,87.714
6-Oct-90,34.218
11-Oct-90,15.376
16-Oct-90,70.255
21-Oct-90,35.397
26-Oct-90,31.32
1-Nov-90,7.185
6-Nov-90,30.528
11-Nov-90,35.763
16-Nov-90,2.796
21-Nov-90,2.688
26-Nov-90,2.612
1-Dec-90,1.195
6-Dec-90,1.431
11-Dec-90,0.988
16-Dec-90,1.007
21-Dec-90,1.008
26-Dec-90,1.251
1-Jan-91,1.213
6-Jan-91,0.725
11-Jan-91,0.592
16-Jan-91,0.64
21-Jan-91,3.042
26-Jan-91,1.26
1-Feb-91,1.119
6-Feb-91,2.531
11-Feb-91,1.442
16-Feb-91,1.43
21-Feb-91,1.749
26-Feb-91,2.117
1-Mar-91,4.927
6-Mar-91,2.112
11-Mar-91,2.442
16-Mar-91,3.034
21-Mar-91,2.576
26-Mar-91,4.657
1-Apr-91,5.916
6-Apr-91,4.61
11-Apr-91,2.018
16-Apr-91,3.74
21-Apr-91,25.289
26-Apr-91,7.412
1-May-91,33.337
6-May-91,10.217
11-May-91,10.864
16-May-91,29.507
21-May-91,30.308
26-May-91,40.415
1-Jun-91,39.962
6-Jun-91,44.222
11-Jun-91,43.317
16-Jun-91,42.935
21-Jun-91,35.998
26-Jun-91,31.806
1-Jul-91,49.261
6-Jul-91,23.575
11-Jul-91,41.547
16-Jul-91,33.699
21-Jul-91,39.72
26-Jul-91,85.56
1-Aug-91,50.807
6-Aug-91,41.746
11-Aug-91,60.593
16-Aug-91,68.201
21-Aug-91,40.676
26-Aug-91,79.813
1-Sep-91,67.482
6-Sep-91,43.381
11-Sep-91,68.878
16-Sep-91,58.337
21-Sep-91,45.228
26-Sep-91,57.451
1-Oct-91,70.239
6-Oct-91,52.801
11-Oct-91,18.309
16-Oct-91,36.448
21-Oct-91,40.624
26-Oct-91,8.267
1-Nov-91,2.567
6-Nov-91,12.425
11-Nov-91,2.736
16-Nov-91,2.848
21-Nov-91,3.231
26-Nov-91,3.399
1-Dec-91,1.31
6-Dec-91,1.14
11-Dec-91,0.983
16-Dec-91,1.134
21-Dec-91,1.158
26-Dec-91,2.479
1-Jan-92,2.456
6-Jan-92,1.315
11-Jan-92,0.771
16-Jan-92,0.778
21-Jan-92,0.816
26-Jan-92,1.609
1-Feb-92,1.983
6-Feb-92,4.002
11-Feb-92,1.505
16-Feb-92,1.402
21-Feb-92,2.833
26-Feb-92,1.642
1-Mar-92,1.369
6-Mar-92,1.425
11-Mar-92,1.528
16-Mar-92,1.719
21-Mar-92,1.799
26-Mar-92,2.055
1-Apr-92,1.87
6-Apr-92,2.375
11-Apr-92,11.449
16-Apr-92,10.209
21-Apr-92,13.98
26-Apr-92,7.795
1-May-92,32.475
6-May-92,22.358
11-May-92,24.693
16-May-92,30.052
21-May-92,33.915
26-May-92,43.155
1-Jun-92,40.638
6-Jun-92,57.067
11-Jun-92,50.116
16-Jun-92,49.697
21-Jun-92,58.136
26-Jun-92,60.905
1-Jul-92,22.811
6-Jul-92,61.395
11-Jul-92,59.13
16-Jul-92,24.286
21-Jul-92,63.41
26-Jul-92,88.906
1-Aug-92,46.226
6-Aug-92,60.166
11-Aug-92,76.999
16-Aug-92,83.109
21-Aug-92,54.791
26-Aug-92,103.728
1-Sep-92,37.239
6-Sep-92,50.733
11-Sep-92,31.188
16-Sep-92,70.846
21-Sep-92,56.202
26-Sep-92,43.346
1-Oct-92,48.341
6-Oct-92,48.845
11-Oct-92,25.875
16-Oct-92,17.383
21-Oct-92,29.918
26-Oct-92,68.698
1-Nov-92,3.999
6-Nov-92,2.57
11-Nov-92,3.066
16-Nov-92,2.477
21-Nov-92,2.172
26-Nov-92,2.44
1-Dec-92,1.923
6-Dec-92,2.153
11-Dec-92,1.532
16-Dec-92,1.495
21-Dec-92,2.286
26-Dec-92,2.688
1-Jan-93,1.138
6-Jan-93,1.022
11-Jan-93,0.752
16-Jan-93,0.784
21-Jan-93,1.302
26-Jan-93,1.522
1-Feb-93,1.226
6-Feb-93,1.331
11-Feb-93,1.276
16-Feb-93,1.444
21-Feb-93,1.733
26-Feb-93,1.661
1-Mar-93,4.326
6-Mar-93,5.45
11-Mar-93,10.636
16-Mar-93,40.852
21-Mar-93,18.866
26-Mar-93,6.583
1-Apr-93,2.707
6-Apr-93,10.507
11-Apr-93,12.529
16-Apr-93,14.255
21-Apr-93,12.923
26-Apr-93,3.416
1-May-93,4.399
6-May-93,13.316
11-May-93,27.089
16-May-93,41.787
21-May-93,32.771
26-May-93,22.004
1-Jun-93,21.375
6-Jun-93,37.409
11-Jun-93,34.445
16-Jun-93,31.67
21-Jun-93,65.035
26-Jun-93,54.855
1-Jul-93,27.757
6-Jul-93,38.593
11-Jul-93,76.406
16-Jul-93,29.932
21-Jul-93,22.169
26-Jul-93,93.218
1-Aug-93,60.705
6-Aug-93,33.53
11-Aug-93,69.45
16-Aug-93,42.764
21-Aug-93,49.813
26-Aug-93,62.778
1-Sep-93,54.39
6-Sep-93,90.496
11-Sep-93,44.943
16-Sep-93,61.824
21-Sep-93,59.673
26-Sep-93,34.19
1-Oct-93,67.479
6-Oct-93,24.329
11-Oct-93,22.862
16-Oct-93,56.325
21-Oct-93,54.374
26-Oct-93,27.174
1-Nov-93,1.944
6-Nov-93,2.666
11-Nov-93,3.307
16-Nov-93,9.427
21-Nov-93,8.862
26-Nov-93,12.659
1-Dec-93,9.778
6-Dec-93,5.455
11-Dec-93,1.723
16-Dec-93,1.957
21-Dec-93,2.206
26-Dec-93,1.505
1-Jan-94,1.082
6-Jan-94,0.843
11-Jan-94,0.782
16-Jan-94,0.896
21-Jan-94,0.985
26-Jan-94,1.13
1-Feb-94,1.438
6-Feb-94,5.372
11-Feb-94,4.699
16-Feb-94,1.988
21-Feb-94,1.719
26-Feb-94,1.081
1-Mar-94,3.624
6-Mar-94,7.664
11-Mar-94,31.694
16-Mar-94,21.078
21-Mar-94,26.011
26-Mar-94,15.455
1-Apr-94,4.452
6-Apr-94,12.594
11-Apr-94,12.603
16-Apr-94,12.349
21-Apr-94,14.885
26-Apr-94,3.641
1-May-94,19.314
6-May-94,41.584
11-May-94,31.313
16-May-94,71.182
21-May-94,33.757
26-May-94,41.445
1-Jun-94,35.792
6-Jun-94,44.543
11-Jun-94,26.775
16-Jun-94,47.564
21-Jun-94,38.165
26-Jun-94,63.767
1-Jul-94,73.63
6-Jul-94,76.111
11-Jul-94,43.581
16-Jul-94,61.643
21-Jul-94,27.01
26-Jul-94,66.93
1-Aug-94,73.43
6-Aug-94,28.5
11-Aug-94,14.802
16-Aug-94,61.321
21-Aug-94,96.266
26-Aug-94,116.866
1-Sep-94,85.306
6-Sep-94,40.54
11-Sep-94,69.648
16-Sep-94,84.414
21-Sep-94,41.615
26-Sep-94,45.775
1-Oct-94,36.824
6-Oct-94,16.217
11-Oct-94,38.524
16-Oct-94,42.283
21-Oct-94,6.423
26-Oct-94,11.626
1-Nov-94,2.392
6-Nov-94,2.699
11-Nov-94,2.086
16-Nov-94,2.911
21-Nov-94,4.461
26-Nov-94,7.61
1-Dec-94,5.15
6-Dec-94,3.575
11-Dec-94,3.345
16-Dec-94,1.185
21-Dec-94,1.168
26-Dec-94,1.212
1-Jan-95,1.516
6-Jan-95,0.909
11-Jan-95,1.087
16-Jan-95,1.516
21-Jan-95,1.947
26-Jan-95,2.318
1-Feb-95,1.276
6-Feb-95,1.425
11-Feb-95,1.819
16-Feb-95,4.188
21-Feb-95,2.52
26-Feb-95,2.355
1-Mar-95,4.817
6-Mar-95,2.26
11-Mar-95,1.632
16-Mar-95,9.551
21-Mar-95,15.354
26-Mar-95,11.489
1-Apr-95,10.058
6-Apr-95,4.005
11-Apr-95,4.207
16-Apr-95,3.587
21-Apr-95,6.837
26-Apr-95,10.301
1-May-95,21.26
6-May-95,27.416
11-May-95,47.957
16-May-95,24.072
21-May-95,29.246
26-May-95,60.42
1-Jun-95,40.891
6-Jun-95,36.82
11-Jun-95,43.354
16-Jun-95,42.906
21-Jun-95,41.869
26-Jun-95,38.73
1-Jul-95,59.624
6-Jul-95,51.486
11-Jul-95,38.932
16-Jul-95,48.608
21-Jul-95,43.651
26-Jul-95,114.299
1-Aug-95,36.081
6-Aug-95,61.393
11-Aug-95,32.992
16-Aug-95,51.8
21-Aug-95,78.388
26-Aug-95,61.478
1-Sep-95,69.52
6-Sep-95,51.356
11-Sep-95,72.339
16-Sep-95,62.043
21-Sep-95,65.523
26-Sep-95,34.901
1-Oct-95,39.176
6-Oct-95,58.641
11-Oct-95,47.924
16-Oct-95,21.042
21-Oct-95,8.27
26-Oct-95,49.07
1-Nov-95,18.211
6-Nov-95,8.847
11-Nov-95,5.494
16-Nov-95,8.297
21-Nov-95,4.397
26-Nov-95,10.297
1-Dec-95,3.051
6-Dec-95,2.412
11-Dec-95,3.467
16-Dec-95,7.717
21-Dec-95,1.462
26-Dec-95,1.507
1-Jan-96,0.908
6-Jan-96,0.78
11-Jan-96,0.708
16-Jan-96,0.688
21-Jan-96,2.668
26-Jan-96,1.857
1-Feb-96,1.163
6-Feb-96,1.307
11-Feb-96,2.261
16-Feb-96,10.06
21-Feb-96,1.808
26-Feb-96,1.277
1-Mar-96,1.839
6-Mar-96,3.201
11-Mar-96,4.711
16-Mar-96,1.7
21-Mar-96,6.798
26-Mar-96,4.249
1-Apr-96,20.175
6-Apr-96,17.944
11-Apr-96,33.063
16-Apr-96,21.085
21-Apr-96,16.639
26-Apr-96,27.591
1-May-96,28.075
6-May-96,32
11-May-96,55.688
16-May-96,42.817
21-May-96,24.222
26-May-96,43.615
1-Jun-96,36.102
6-Jun-96,49.794
11-Jun-96,47.717
16-Jun-96,53.556
21-Jun-96,34.829
26-Jun-96,22.901
1-Jul-96,65.575
6-Jul-96,42.099
11-Jul-96,53.772
16-Jul-96,33.599
21-Jul-96,69.325
26-Jul-96,73.564
1-Aug-96,47.154
6-Aug-96,24.611
11-Aug-96,33.277
16-Aug-96,42.997
21-Aug-96,63.72
26-Aug-96,48.592
1-Sep-96,58.479
6-Sep-96,71.49
11-Sep-96,87.851
16-Sep-96,56.58
21-Sep-96,51.141
26-Sep-96,87.443
1-Oct-96,33.579
6-Oct-96,26.877
11-Oct-96,28.868
16-Oct-96,37.442
21-Oct-96,49.908
26-Oct-96,36.931
1-Nov-96,75.349
6-Nov-96,9.36
11-Nov-96,11.585
16-Nov-96,20.232
21-Nov-96,11.728
26-Nov-96,18.861
1-Dec-96,6.904
6-Dec-96,4.199
11-Dec-96,2.136
16-Dec-96,3.639
21-Dec-96,1.071
26-Dec-96,0.968
1-Jan-97,0.909
6-Jan-97,0.719
11-Jan-97,0.62
16-Jan-97,0.605
21-Jan-97,0.784
26-Jan-97,1.588
1-Feb-97,3.619
6-Feb-97,9.034
11-Feb-97,6.075
16-Feb-97,11.085
21-Feb-97,5.408
26-Feb-97,1.407
1-Mar-97,4.42
6-Mar-97,3.073
11-Mar-97,4.809
16-Mar-97,6.554
21-Mar-97,2.617
26-Mar-97,6.894
1-Apr-97,12.396
6-Apr-97,27.908
11-Apr-97,14.138
16-Apr-97,3.045
21-Apr-97,23.019
26-Apr-97,13.71
1-May-97,15.216
6-May-97,13.562
11-May-97,17.419
16-May-97,34.977
21-May-97,57.87
26-May-97,38.703
1-Jun-97,25.469
6-Jun-97,14.306
11-Jun-97,9.712
16-Jun-97,24.938
21-Jun-97,40.028
26-Jun-97,57.169
1-Jul-97,26.513
6-Jul-97,38.3
11-Jul-97,92.041
16-Jul-97,45.952
21-Jul-97,89.556
26-Jul-97,69.714
1-Aug-97,67.269
6-Aug-97,33.498
11-Aug-97,30.061
16-Aug-97,67.81
21-Aug-97,58.19
26-Aug-97,67.249
1-Sep-97,31.027
6-Sep-97,29.978
11-Sep-97,27.44
16-Sep-97,59.304
21-Sep-97,99.55
26-Sep-97,49.943
1-Oct-97,34.216
6-Oct-97,18.372
11-Oct-97,44.704
16-Oct-97,27.088
21-Oct-97,14.234
26-Oct-97,23.127
1-Nov-97,14.837
6-Nov-97,1.853
11-Nov-97,4.141
16-Nov-97,2.462
21-Nov-97,4.848
26-Nov-97,2.331
1-Dec-97,1.224
6-Dec-97,1.163
11-Dec-97,0.942
16-Dec-97,0.928
21-Dec-97,1.248
26-Dec-97,1.041
1-Jan-98,1.282
6-Jan-98,1.216
11-Jan-98,0.818
16-Jan-98,0.858
21-Jan-98,0.906
26-Jan-98,1.496
1-Feb-98,2.197
6-Feb-98,4.426
11-Feb-98,2.834
16-Feb-98,1.859
21-Feb-98,4.608
26-Feb-98,3.266
1-Mar-98,2.67
6-Mar-98,1.621
11-Mar-98,1.405
16-Mar-98,1.185
21-Mar-98,1.287
26-Mar-98,4.478
1-Apr-98,5.734
6-Apr-98,3.814
11-Apr-98,5.011
16-Apr-98,38.186
21-Apr-98,12.681
26-Apr-98,4.691
1-May-98,16.777
6-May-98,11.694
11-May-98,19.78
16-May-98,37.694
21-May-98,53.141
26-May-98,50.079
1-Jun-98,20.78
6-Jun-98,45.278
11-Jun-98,29.73
16-Jun-98,25.172
21-Jun-98,48.55
26-Jun-98,99.065
1-Jul-98,64.562
6-Jul-98,37.296
11-Jul-98,30.504
16-Jul-98,16.764
21-Jul-98,28.763
26-Jul-98,66.315
1-Aug-98,55.619
6-Aug-98,99.759
11-Aug-98,41.442
16-Aug-98,97.193
21-Aug-98,41.231
26-Aug-98,46.846
1-Sep-98,33.808
6-Sep-98,31.616
11-Sep-98,56.399
16-Sep-98,99.597
21-Sep-98,69.707
26-Sep-98,84.975
1-Oct-98,16.242
6-Oct-98,44.756
11-Oct-98,36.306
16-Oct-98,24.82
21-Oct-98,16.415
26-Oct-98,17.546
1-Nov-98,15.132
6-Nov-98,20.105
11-Nov-98,35.859
16-Nov-98,39.637
21-Nov-98,22.804
26-Nov-98,30.862
1-Dec-98,6.65
6-Dec-98,7.203
11-Dec-98,7.958
16-Dec-98,1.087
21-Dec-98,3.675
26-Dec-98,1.575
1-Jan-99,1.837
6-Jan-99,2.151
11-Jan-99,1.126
16-Jan-99,0.764
21-Jan-99,1.18
26-Jan-99,3.988
1-Feb-99,3.531
6-Feb-99,3.682
11-Feb-99,2.226
16-Feb-99,1.398
21-Feb-99,1.891
26-Feb-99,1.475
1-Mar-99,4.569
6-Mar-99,5.028
11-Mar-99,6.712
16-Mar-99,3.713
21-Mar-99,9.212
26-Mar-99,32.119
1-Apr-99,24.72
6-Apr-99,37.413
11-Apr-99,61.516
16-Apr-99,32.533
21-Apr-99,24.648
26-Apr-99,33.579
1-May-99,58.663
6-May-99,34.664
11-May-99,68.051
16-May-99,69.189
21-May-99,40.386
26-May-99,73.183
1-Jun-99,57.857
6-Jun-99,54.366
11-Jun-99,42.56
16-Jun-99,66.207
21-Jun-99,11.753
26-Jun-99,61.375
1-Jul-99,44.959
6-Jul-99,24.639
11-Jul-99,30.674
16-Jul-99,20.95
21-Jul-99,81.422
26-Jul-99,112.121
1-Aug-99,25.715
6-Aug-99,21.924
11-Aug-99,18.027
16-Aug-99,42.584
21-Aug-99,40.655
26-Aug-99,81.851
1-Sep-99,53.033
6-Sep-99,58.928
11-Sep-99,37.884
16-Sep-99,32.615
21-Sep-99,68.635
26-Sep-99,51.503
1-Oct-99,25.936
6-Oct-99,23.817
11-Oct-99,44.179
16-Oct-99,30.767
21-Oct-99,44.011
26-Oct-99,58.314
1-Nov-99,57.246
6-Nov-99,10.238
11-Nov-99,16.375
16-Nov-99,5.43
21-Nov-99,14.354
26-Nov-99,5.708
1-Dec-99,10.128
6-Dec-99,6.098
11-Dec-99,6.643
16-Dec-99,1.436
21-Dec-99,1.04
26-Dec-99,1.18
1-Jan-00,2.437
6-Jan-00,4.075
11-Jan-00,4.524
16-Jan-00,2.599
21-Jan-00,2.552
26-Jan-00,4.466
1-Feb-00,1.059
6-Feb-00,2.078
11-Feb-00,3.251
16-Feb-00,4.559
21-Feb-00,9.759
26-Feb-00,1.712
1-Mar-00,6.17
6-Mar-00,9.441
11-Mar-00,18.473
16-Mar-00,5.615
21-Mar-00,3.267
26-Mar-00,16.992
1-Apr-00,14.285
6-Apr-00,24.231
11-Apr-00,56.659
16-Apr-00,32.137
21-Apr-00,34.762
26-Apr-00,33.213
1-May-00,37.732
6-May-00,30.491
11-May-00,75.061
16-May-00,57.141
21-May-00,41.974
26-May-00,68.23
1-Jun-00,55.576
6-Jun-00,37.251
11-Jun-00,38.593
16-Jun-00,72.556
21-Jun-00,56.486
26-Jun-00,36.499
1-Jul-00,87.802
6-Jul-00,51.611
11-Jul-00,54.141
16-Jul-00,59.29
21-Jul-00,54.82
26-Jul-00,47.589
1-Aug-00,47.43
6-Aug-00,76.446
11-Aug-00,44.684
16-Aug-00,62.012
21-Aug-00,123.734
26-Aug-00,87.733
1-Sep-00,34.544
6-Sep-00,57.594
11-Sep-00,34.877
16-Sep-00,34.682
21-Sep-00,39.604
26-Sep-00,57.169
1-Oct-00,43.318
6-Oct-00,98.486
11-Oct-00,67.912
16-Oct-00,28.798
21-Oct-00,44.207
26-Oct-00,42.636
1-Nov-00,5.247
6-Nov-00,2.743
11-Nov-00,7.027
16-Nov-00,16.002
21-Nov-00,13.634
26-Nov-00,11.335
1-Dec-00,1.712
6-Dec-00,15.944
11-Dec-00,9.599
16-Dec-00,7.321
21-Dec-00,3.719
26-Dec-00,2.732
1-Jan-01,0.831
6-Jan-01,2.537
11-Jan-01,3.918
16-Jan-01,1.74
21-Jan-01,1.283
26-Jan-01,2.25
1-Feb-01,1.679
6-Feb-01,3.5
11-Feb-01,3.353
16-Feb-01,1.395
21-Feb-01,2.913
26-Feb-01,2.075
1-Mar-01,5.04
6-Mar-01,16
11-Mar-01,27.407
16-Mar-01,34.689
21-Mar-01,27.876
26-Mar-01,44.305
1-Apr-01,18.64
6-Apr-01,3.972
11-Apr-01,9.545
16-Apr-01,5.922
21-Apr-01,7.513
26-Apr-01,26.568
1-May-01,22.448
6-May-01,13.831
11-May-01,58.408
16-May-01,42.882
21-May-01,15.718
26-May-01,48.972
1-Jun-01,38.697
6-Jun-01,55.266
11-Jun-01,34.882
16-Jun-01,23.558
21-Jun-01,70.189
26-Jun-01,60.301
1-Jul-01,52.209
6-Jul-01,63.338
11-Jul-01,26.848
16-Jul-01,25.076
21-Jul-01,41.723
26-Jul-01,38.185
1-Aug-01,62.049
6-Aug-01,73.915
11-Aug-01,41.681
16-Aug-01,55.704
21-Aug-01,69.865
26-Aug-01,82.255
1-Sep-01,46.112
6-Sep-01,37.665
11-Sep-01,32.62
16-Sep-01,38.284
21-Sep-01,64.426
26-Sep-01,56.325
1-Oct-01,53.1
6-Oct-01,34.766
11-Oct-01,25.67
16-Oct-01,26.951
21-Oct-01,42.788
26-Oct-01,39.634
1-Nov-01,10.339
6-Nov-01,11.014
11-Nov-01,23.463
16-Nov-01,3.322
21-Nov-01,4.282
26-Nov-01,2.674
1-Dec-01,2.374
6-Dec-01,1.248
11-Dec-01,3.876
16-Dec-01,1.813
21-Dec-01,2.071
26-Dec-01,1.027
1-Jan-02,0.821
6-Jan-02,0.604
11-Jan-02,0.531
16-Jan-02,0.77
21-Jan-02,0.551
26-Jan-02,1.612
1-Feb-02,2.238
6-Feb-02,3.041
11-Feb-02,2.009
16-Feb-02,2.25
21-Feb-02,3.8
26-Feb-02,3.575
1-Mar-02,4.195
6-Mar-02,2.959
11-Mar-02,1.54
16-Mar-02,3.69
21-Mar-02,13.26
26-Mar-02,11.811
1-Apr-02,3.24
6-Apr-02,9.853
11-Apr-02,15.534
16-Apr-02,19.155
21-Apr-02,39.698
26-Apr-02,8.313
1-May-02,12.723
6-May-02,25.52
11-May-02,23.885
16-May-02,26.472
21-May-02,45.86
26-May-02,34.453
1-Jun-02,42.358
6-Jun-02,41.647
11-Jun-02,34.05
16-Jun-02,49.469
21-Jun-02,58.084
26-Jun-02,23.256
1-Jul-02,34.832
6-Jul-02,61.024
11-Jul-02,20.836
16-Jul-02,30.995
21-Jul-02,19.343
26-Jul-02,66.45
1-Aug-02,54.859
6-Aug-02,47.015
11-Aug-02,98.128
16-Aug-02,103.142
21-Aug-02,49.797
26-Aug-02,74.835
1-Sep-02,61.628
6-Sep-02,79.725
11-Sep-02,41.996
16-Sep-02,93.233
21-Sep-02,72.528
26-Sep-02,22.833
1-Oct-02,33.298
6-Oct-02,14.184
11-Oct-02,11.843
16-Oct-02,22.596
21-Oct-02,36.195
26-Oct-02,42.242
1-Nov-02,10.261
6-Nov-02,12.179
11-Nov-02,21.106
16-Nov-02,21.221
21-Nov-02,17.682
26-Nov-02,12.997
1-Dec-02,10.464
6-Dec-02,6.073
11-Dec-02,2.892
16-Dec-02,3.463
21-Dec-02,4.046
26-Dec-02,5.958
1-Jan-03,0.916
6-Jan-03,0.611
11-Jan-03,0.458
16-Jan-03,0.461
21-Jan-03,0.503
26-Jan-03,0.799
1-Feb-03,1.861
6-Feb-03,1.578
11-Feb-03,2.346
16-Feb-03,6.464
21-Feb-03,5.245
26-Feb-03,1.704
1-Mar-03,4.326
6-Mar-03,14.123
11-Mar-03,6.616
16-Mar-03,8.554
21-Mar-03,14.15
26-Mar-03,19.659
1-Apr-03,14.808
6-Apr-03,7.071
11-Apr-03,7.468
16-Apr-03,2.021
21-Apr-03,15.338
26-Apr-03,25.876
1-May-03,31.014
6-May-03,27.246
11-May-03,62.321
16-May-03,30.901
21-May-03,42.59
26-May-03,52.911
1-Jun-03,48.681
6-Jun-03,4.483
11-Jun-03,13.684
16-Jun-03,71.852
21-Jun-03,38.748
26-Jun-03,36.943
1-Jul-03,60.077
6-Jul-03,28.81
11-Jul-03,50.034
16-Jul-03,41.398
21-Jul-03,73.247
26-Jul-03,49.569
1-Aug-03,59.28
6-Aug-03,44.26
11-Aug-03,48.298
16-Aug-03,81.077
21-Aug-03,54.194
26-Aug-03,57.27
1-Sep-03,46.057
6-Sep-03,59.45
11-Sep-03,78.241
16-Sep-03,41.56
21-Sep-03,50.491
26-Sep-03,57.726
1-Oct-03,35.377
6-Oct-03,27.477
11-Oct-03,63.925
16-Oct-03,34.936
21-Oct-03,16.165
26-Oct-03,7.58
1-Nov-03,2.911
6-Nov-03,4.362
11-Nov-03,17.705
16-Nov-03,2.91
21-Nov-03,5.815
26-Nov-03,2.362
1-Dec-03,1.106
6-Dec-03,1.794
11-Dec-03,4.565
16-Dec-03,3.151
21-Dec-03,0.985
26-Dec-03,1.117
1-Jan-04,0.852
6-Jan-04,1.682
11-Jan-04,1.221
16-Jan-04,0.875
21-Jan-04,0.69
26-Jan-04,1.272
1-Feb-04,5.621
6-Feb-04,2.291
11-Feb-04,1.438
16-Feb-04,2.08
21-Feb-04,2.867
26-Feb-04,1.248
1-Mar-04,9.598
6-Mar-04,2.287
11-Mar-04,2.009
16-Mar-04,2.362
21-Mar-04,2.435
26-Mar-04,12.068
1-Apr-04,21.397
6-Apr-04,8.794
11-Apr-04,8.47
16-Apr-04,9.758
21-Apr-04,13.677
26-Apr-04,15.733
1-May-04,46.269
6-May-04,50.965
11-May-04,34.408
16-May-04,26.71
21-May-04,54.174
26-May-04,36.169
1-Jun-04,48.228
6-Jun-04,84.946
11-Jun-04,110.451
16-Jun-04,34.638
21-Jun-04,20.106
26-Jun-04,23.159
1-Jul-04,39.007
6-Jul-04,60.017
11-Jul-04,49.183
16-Jul-04,50.538
21-Jul-04,90.962
26-Jul-04,115.436
1-Aug-04,58.615
6-Aug-04,74.8
11-Aug-04,33.934
16-Aug-04,81.689
21-Aug-04,28.634
26-Aug-04,49.653
1-Sep-04,35.07
6-Sep-04,23.498
11-Sep-04,72.622
16-Sep-04,73.178
21-Sep-04,25.041
26-Sep-04,34.83
1-Oct-04,77.176
6-Oct-04,7.095
11-Oct-04,13.813
16-Oct-04,4.612
21-Oct-04,7.76
26-Oct-04,11.717
1-Nov-04,4.098
6-Nov-04,6.286
11-Nov-04,6.844
16-Nov-04,4.149
21-Nov-04,9.696
26-Nov-04,6.201
1-Dec-04,1.466
6-Dec-04,0.991
11-Dec-04,0.897
16-Dec-04,0.866
21-Dec-04,0.934
26-Dec-04,1.63
1-Jan-05,0.915
6-Jan-05,1.443
11-Jan-05,0.888
16-Jan-05,0.609
21-Jan-05,0.663
26-Jan-05,1.038
1-Feb-05,1.105
6-Feb-05,1.116
11-Feb-05,1.107
16-Feb-05,1.749
21-Feb-05,1.686
26-Feb-05,0.991
1-Mar-05,6.001
6-Mar-05,1.921
11-Mar-05,2.858
16-Mar-05,3.523
21-Mar-05,10.04
26-Mar-05,7.558
1-Apr-05,7.59
6-Apr-05,8.181
11-Apr-05,12.415
16-Apr-05,8.114
21-Apr-05,9.081
26-Apr-05,20.126
1-May-05,3.572
6-May-05,52.596
11-May-05,36.706
16-May-05,28.483
21-May-05,43.665
26-May-05,55.162
1-Jun-05,27.383
6-Jun-05,52.056
11-Jun-05,22.26
16-Jun-05,30.326
21-Jun-05,47.362
26-Jun-05,51.297
1-Jul-05,59.655
6-Jul-05,46.672
11-Jul-05,61.88
16-Jul-05,28.357
21-Jul-05,65.537
26-Jul-05,100.242
1-Aug-05,51.702
6-Aug-05,56.279
11-Aug-05,31.932
16-Aug-05,46.658
21-Aug-05,28.713
26-Aug-05,63.208
1-Sep-05,62.372
6-Sep-05,65.845
11-Sep-05,100.909
16-Sep-05,54.578
21-Sep-05,29.544
26-Sep-05,45.017
1-Oct-05,35.102
6-Oct-05,38.837
11-Oct-05,45.81
16-Oct-05,21.219
21-Oct-05,61.711
26-Oct-05,26.524
1-Nov-05,26.433
6-Nov-05,27.787
11-Nov-05,4.93
16-Nov-05,12.22
21-Nov-05,8.035
26-Nov-05,15.91
1-Dec-05,17.492
6-Dec-05,4.414
11-Dec-05,7.303
16-Dec-05,4.049
21-Dec-05,1.437
26-Dec-05,5.264
1-Jan-06,3.885
6-Jan-06,1.025
11-Jan-06,0.672
16-Jan-06,1.207
21-Jan-06,1.089
26-Jan-06,1.971
1-Feb-06,1.463
6-Feb-06,1.365
11-Feb-06,1.621
16-Feb-06,10.892
21-Feb-06,2.33
26-Feb-06,1.458
1-Mar-06,3.565
6-Mar-06,3.875
11-Mar-06,17.289
16-Mar-06,3.167
21-Mar-06,6.173
26-Mar-06,23.572
1-Apr-06,20.949
6-Apr-06,55.004
11-Apr-06,28.98
16-Apr-06,9.384
21-Apr-06,12.614
26-Apr-06,45.085
1-May-06,27.884
6-May-06,20.395
11-May-06,26.477
16-May-06,52.252
21-May-06,51.304
26-May-06,43.842
1-Jun-06,21.465
6-Jun-06,7.646
11-Jun-06,23.63
16-Jun-06,62.82
21-Jun-06,52.396
26-Jun-06,65.3
1-Jul-06,96.236
6-Jul-06,26.81
11-Jul-06,58.582
16-Jul-06,65.054
21-Jul-06,84.957
26-Jul-06,90.668
1-Aug-06,35.963
6-Aug-06,39.681
11-Aug-06,94.799
16-Aug-06,37.005
21-Aug-06,66.97
26-Aug-06,100.869
1-Sep-06,34.146
6-Sep-06,26.697
11-Sep-06,50.469
16-Sep-06,82.941
21-Sep-06,67.687
26-Sep-06,71.535
1-Oct-06,87.347
6-Oct-06,46.181
11-Oct-06,25.872
16-Oct-06,21.219
21-Oct-06,9.173
26-Oct-06,23.592
1-Nov-06,3.452
6-Nov-06,5.335
11-Nov-06,3.396
16-Nov-06,8.575
21-Nov-06,7.52
26-Nov-06,3.005
1-Dec-06,2.972
6-Dec-06,2.151
11-Dec-06,0.846
16-Dec-06,0.872
21-Dec-06,0.9
26-Dec-06,1.95
1-Jan-07,5.086
6-Jan-07,2.317
11-Jan-07,0.607
16-Jan-07,0.97
21-Jan-07,1.044
26-Jan-07,0.969
1-Feb-07,1.397
6-Feb-07,1.554
11-Feb-07,1.572
16-Feb-07,2.228
21-Feb-07,4.269
26-Feb-07,3.59
1-Mar-07,2.328
6-Mar-07,3.31
11-Mar-07,2.378
16-Mar-07,20.571
21-Mar-07,15.339
26-Mar-07,12.208
1-Apr-07,2.839
6-Apr-07,9.801
11-Apr-07,9.862
16-Apr-07,22.207
21-Apr-07,18.841
26-Apr-07,51.054
1-May-07,45.228
6-May-07,65.607
11-May-07,101.305
16-May-07,21.59
21-May-07,16.609
26-May-07,74.06
1-Jun-07,32.577
6-Jun-07,12.835
11-Jun-07,30.4
16-Jun-07,39.791
21-Jun-07,52.05
26-Jun-07,57.633
1-Jul-07,79.226
6-Jul-07,64.11
11-Jul-07,50.356
16-Jul-07,54.158
21-Jul-07,31.162
26-Jul-07,95.697
1-Aug-07,101.707
6-Aug-07,66.275
11-Aug-07,27.881
16-Aug-07,77.221
21-Aug-07,40.535
26-Aug-07,87.075
1-Sep-07,41.025
6-Sep-07,30.557
11-Sep-07,65.391
16-Sep-07,79.69
21-Sep-07,20.203
26-Sep-07,81.906
1-Oct-07,76.336
6-Oct-07,52.605
11-Oct-07,76.548
16-Oct-07,22.723
21-Oct-07,36.428
26-Oct-07,33.444
1-Nov-07,31.139
6-Nov-07,7.376
11-Nov-07,19.909
16-Nov-07,28.401
21-Nov-07,15.419
26-Nov-07,3.146
1-Dec-07,0.942
6-Dec-07,0.884
11-Dec-07,1.061
16-Dec-07,1.387
21-Dec-07,1.324
26-Dec-07,4.033
1-Jan-08,2.699
6-Jan-08,0.946
11-Jan-08,0.63
16-Jan-08,0.696
21-Jan-08,0.808
26-Jan-08,1.522
1-Feb-08,2.121
6-Feb-08,2.217
11-Feb-08,1.805
16-Feb-08,4.753
21-Feb-08,6.159
26-Feb-08,3.68
1-Mar-08,1.667
6-Mar-08,5.675
11-Mar-08,2.266
16-Mar-08,4.211
21-Mar-08,11.504
26-Mar-08,14.093
1-Apr-08,25.867
6-Apr-08,13.362
11-Apr-08,14.076
16-Apr-08,11.863
21-Apr-08,11.46
26-Apr-08,37.298
1-May-08,41.376
6-May-08,40.481
11-May-08,72.399
16-May-08,59.02
21-May-08,36.051
26-May-08,41.122
1-Jun-08,35.635
6-Jun-08,35.074
11-Jun-08,49.354
16-Jun-08,33.43
21-Jun-08,25.318
26-Jun-08,43.249
1-Jul-08,52.501
6-Jul-08,64.172
11-Jul-08,11.302
16-Jul-08,41.75
21-Jul-08,37.872
26-Jul-08,51.57
1-Aug-08,66.527
6-Aug-08,48.155
11-Aug-08,65.63
16-Aug-08,68.163
21-Aug-08,29.13
26-Aug-08,45.068
1-Sep-08,63.672
6-Sep-08,85.137
11-Sep-08,74.317
16-Sep-08,51.165
21-Sep-08,23.801
26-Sep-08,67.706
1-Oct-08,33.53
6-Oct-08,33.281
11-Oct-08,24.223
16-Oct-08,33.257
21-Oct-08,48.54
26-Oct-08,69.879
1-Nov-08,47.757
6-Nov-08,20.066
11-Nov-08,5.534
16-Nov-08,15.413
21-Nov-08,16.847
26-Nov-08,2.926
1-Dec-08,1.649
6-Dec-08,2.53
11-Dec-08,2.12
16-Dec-08,1.002
21-Dec-08,3.451
26-Dec-08,8.073
1-Jan-09,1.242
6-Jan-09,2.576
11-Jan-09,0.501
16-Jan-09,0.493
21-Jan-09,0.588
26-Jan-09,1.426
1-Feb-09,4.004
6-Feb-09,1.259
11-Feb-09,3.017
16-Feb-09,6.153
21-Feb-09,3.442
26-Feb-09,6.943
1-Mar-09,17.036
6-Mar-09,10.789
11-Mar-09,9.557
16-Mar-09,28.511
21-Mar-09,18.425
26-Mar-09,26.093
1-Apr-09,33.061
6-Apr-09,30.74
11-Apr-09,27.733
16-Apr-09,16.724
21-Apr-09,40.304
26-Apr-09,102.267
1-May-09,25.55
6-May-09,33.765
11-May-09,44.118
16-May-09,45.064
21-May-09,66.185
26-May-09,63.883
1-Jun-09,51.869
6-Jun-09,31.718
11-Jun-09,29.48
16-Jun-09,63.918
21-Jun-09,28.453
26-Jun-09,37.563
1-Jul-09,52.131
6-Jul-09,31.829
11-Jul-09,107.34
16-Jul-09,76.769
21-Jul-09,59.893
26-Jul-09,71.42
1-Aug-09,51.234
6-Aug-09,42.186
11-Aug-09,48.387
16-Aug-09,41.909
21-Aug-09,59.291
26-Aug-09,86.032
1-Sep-09,93.805
6-Sep-09,84.154
11-Sep-09,53.943
16-Sep-09,45.592
21-Sep-09,59.421
26-Sep-09,108.232
1-Oct-09,48.57
6-Oct-09,32.602
11-Oct-09,30.667
16-Oct-09,42.922
21-Oct-09,50.349
26-Oct-09,7.077
1-Nov-09,6.923
6-Nov-09,8.369
11-Nov-09,11.182
16-Nov-09,6.309
21-Nov-09,5.732
26-Nov-09,4.068
1-Dec-09,1.562
6-Dec-09,1.1
11-Dec-09,1.361
16-Dec-09,3.947
21-Dec-09,1.182
26-Dec-09,1.624
1-Jan-10,1.106
6-Jan-10,1.037
11-Jan-10,1.312
16-Jan-10,3.536
21-Jan-10,1.552
26-Jan-10,1.393
1-Feb-10,2.074
6-Feb-10,1.778
11-Feb-10,2.199
16-Feb-10,2.643
21-Feb-10,3.499
26-Feb-10,1.675
1-Mar-10,1.856
6-Mar-10,2.641
11-Mar-10,2.535
16-Mar-10,1.852
21-Mar-10,7.621
26-Mar-10,23.356
1-Apr-10,6.955
6-Apr-10,8.525
11-Apr-10,5.523
16-Apr-10,22.446
21-Apr-10,8.807
26-Apr-10,31.013
1-May-10,27.713
6-May-10,20.221
11-May-10,14.352
16-May-10,18.651
21-May-10,41.331
26-May-10,38.057
1-Jun-10,51.013
6-Jun-10,54.324
11-Jun-10,23.195
16-Jun-10,34.871
21-Jun-10,49.313
26-Jun-10,37.459
1-Jul-10,64.935
6-Jul-10,22.101
11-Jul-10,39.394
16-Jul-10,53.514
21-Jul-10,73.594
26-Jul-10,94.001
1-Aug-10,69.03
6-Aug-10,51.887
11-Aug-10,75.466
16-Aug-10,62.975
21-Aug-10,62.956
26-Aug-10,63.103
1-Sep-10,79.083
6-Sep-10,38.806
11-Sep-10,59.955
16-Sep-10,47.268
21-Sep-10,27.575
26-Sep-10,46.437
1-Oct-10,54.631
6-Oct-10,38.12
11-Oct-10,98.454
16-Oct-10,52.891
21-Oct-10,10.961
26-Oct-10,24.781
1-Nov-10,14.016
6-Nov-10,17.971
11-Nov-10,13.393
16-Nov-10,17.248
21-Nov-10,10.51
26-Nov-10,6.819
1-Dec-10,2.482
6-Dec-10,1.933
11-Dec-10,6.714
16-Dec-10,4.1
21-Dec-10,1.255
26-Dec-10,1.581
1-Jan-11,1.31
6-Jan-11,0.857
11-Jan-11,2.589
16-Jan-11,0.834
21-Jan-11,0.809
26-Jan-11,0.983
1-Feb-11,1.038
6-Feb-11,1.264
11-Feb-11,1.809
16-Feb-11,3.264
21-Feb-11,3.807
26-Feb-11,1.145
1-Mar-11,8.526
6-Mar-11,9.884
11-Mar-11,9.568
16-Mar-11,4.098
21-Mar-11,31.341
26-Mar-11,3.116
1-Apr-11,17.568
6-Apr-11,5.812
11-Apr-11,5.768
16-Apr-11,28.045
21-Apr-11,29.307
26-Apr-11,25.869
1-May-11,33.016
6-May-11,32.643
11-May-11,48.256
16-May-11,49.591
21-May-11,42.823
26-May-11,81.121
1-Jun-11,54.938
6-Jun-11,57.939
11-Jun-11,36.274
16-Jun-11,68.476
21-Jun-11,35.119
26-Jun-11,59.15
1-Jul-11,39.579
6-Jul-11,44.823
11-Jul-11,72.264
16-Jul-11,30.414
21-Jul-11,52.113
26-Jul-11,78.502
1-Aug-11,32.065
6-Aug-11,55.497
11-Aug-11,61.725
16-Aug-11,56.701
21-Aug-11,53.503
26-Aug-11,91.618
1-Sep-11,48.906
6-Sep-11,97.33
11-Sep-11,65.364
16-Sep-11,71.921
21-Sep-11,114.101
26-Sep-11,50.757
1-Oct-11,61.8
6-Oct-11,68.781
11-Oct-11,93.059
16-Oct-11,32.443
21-Oct-11,16.75
26-Oct-11,21.495
1-Nov-11,17.179
6-Nov-11,25.377
11-Nov-11,4.227
16-Nov-11,10.707
21-Nov-11,4.213
26-Nov-11,3.294
1-Dec-11,4.003
6-Dec-11,7.304
11-Dec-11,3.808
16-Dec-11,1.45
21-Dec-11,1.54
26-Dec-11,2.036
1-Jan-12,1
6-Jan-12,0.719
11-Jan-12,1.595
16-Jan-12,4.31
21-Jan-12,1.933
26-Jan-12,6.077
1-Feb-12,2.775
6-Feb-12,1.581
11-Feb-12,2.405
16-Feb-12,16.456
21-Feb-12,4.017
26-Feb-12,2.115
1-Mar-12,6.174
6-Mar-12,7.859
11-Mar-12,6.6
16-Mar-12,4.813
21-Mar-12,11.83
26-Mar-12,10.444
1-Apr-12,26.131
6-Apr-12,24.87
11-Apr-12,22.174
16-Apr-12,11.471
21-Apr-12,22.385
26-Apr-12,55.489
1-May-12,16.208
6-May-12,33.786
11-May-12,64.401
16-May-12,23.773
21-May-12,61.429
26-May-12,64.048
1-Jun-12,55.556
6-Jun-12,38.981
11-Jun-12,13.287
16-Jun-12,33.59
21-Jun-12,18.28
26-Jun-12,46.878
1-Jul-12,100.826
6-Jul-12,70.638
11-Jul-12,49.063
16-Jul-12,59.683
21-Jul-12,24.514
26-Jul-12,66.72
1-Aug-12,42.9
6-Aug-12,33.51
11-Aug-12,18.589
16-Aug-12,62.449
21-Aug-12,101.349
26-Aug-12,97.692
1-Sep-12,97.42
6-Sep-12,62.169
11-Sep-12,96.813
16-Sep-12,46.78
21-Sep-12,68.591
26-Sep-12,67.624
1-Oct-12,48.765
6-Oct-12,56.282
11-Oct-12,9.193
16-Oct-12,7.982
21-Oct-12,19.474
26-Oct-12,28.494
1-Nov-12,8.854
6-Nov-12,8.799
11-Nov-12,15.647
16-Nov-12,45.967
21-Nov-12,34.529
26-Nov-12,10.394
1-Dec-12,1.182
6-Dec-12,1.588
11-Dec-12,1.634
16-Dec-12,1.123
21-Dec-12,1.119
26-Dec-12,1.498
1-Jan-13,3.521
6-Jan-13,4.138
11-Jan-13,0.6
16-Jan-13,0.502
21-Jan-13,0.842
26-Jan-13,1.656
1-Feb-13,1.164
6-Feb-13,3.509
11-Feb-13,1.39
16-Feb-13,1.547
21-Feb-13,7.004
26-Feb-13,1.259
1-Mar-13,4.855
6-Mar-13,3.001
11-Mar-13,18.463
16-Mar-13,4.314
21-Mar-13,8.475
26-Mar-13,16.63
1-Apr-13,10.643
6-Apr-13,23.019
11-Apr-13,24.684
16-Apr-13,29.901
21-Apr-13,28.691
26-Apr-13,20.978
1-May-13,23.883
6-May-13,27.397
11-May-13,45.032
16-May-13,49.408
21-May-13,31.993
26-May-13,52.235
1-Jun-13,56.636
6-Jun-13,16.669
11-Jun-13,114.835
16-Jun-13,53.175
21-Jun-13,59.709
26-Jun-13,17.702
1-Jul-13,52.647
6-Jul-13,95.899
11-Jul-13,36.737
16-Jul-13,69.622
21-Jul-13,91.91
26-Jul-13,117.345
1-Aug-13,72.146
6-Aug-13,73.288
11-Aug-13,55.478
16-Aug-13,12.998
21-Aug-13,38.255
26-Aug-13,72.928
1-Sep-13,40.976
6-Sep-13,60.389
11-Sep-13,82.715
16-Sep-13,126.281
21-Sep-13,54.69
26-Sep-13,58.252
1-Oct-13,66.602
6-Oct-13,38.382
11-Oct-13,41.883
16-Oct-13,49.209
21-Oct-13,12.811
26-Oct-13,11.821
1-Nov-13,3.367
6-Nov-13,33.345
11-Nov-13,22.855
16-Nov-13,12.69
21-Nov-13,11.297
26-Nov-13,7.388
1-Dec-13,1.75
6-Dec-13,1.225
11-Dec-13,3.082
16-Dec-13,4.018
21-Dec-13,1.086
26-Dec-13,1.744
1-Jan-14,0.653
6-Jan-14,0.7
11-Jan-14,0.43
16-Jan-14,0.452
21-Jan-14,0.515
26-Jan-14,0.842
1-Feb-14,1.585
6-Feb-14,1.543
11-Feb-14,1.467
16-Feb-14,1.749
21-Feb-14,2.433
26-Feb-14,0.889
1-Mar-14,2.043
6-Mar-14,1.909
11-Mar-14,1.625
16-Mar-14,3.931
21-Mar-14,6.088
26-Mar-14,14.745
1-Apr-14,25.254
6-Apr-14,5.793
11-Apr-14,17.212
16-Apr-14,9.688
21-Apr-14,21.118
26-Apr-14,28.197
1-May-14,27.334
6-May-14,20.291
11-May-14,16.031
16-May-14,45.263
21-May-14,24.408
26-May-14,28.028
1-Jun-14,34.271
6-Jun-14,36.401
11-Jun-14,55.348
16-Jun-14,37.332
21-Jun-14,74.364
26-Jun-14,71.74
1-Jul-14,38.667
6-Jul-14,54.486
11-Jul-14,63.571
16-Jul-14,58.392
21-Jul-14,82.796
26-Jul-14,101.146
1-Aug-14,88.793
6-Aug-14,33.004
11-Aug-14,24.9
16-Aug-14,45.567
21-Aug-14,64.437
26-Aug-14,125.865
1-Sep-14,79.134
6-Sep-14,55.672
11-Sep-14,64.861
16-Sep-14,33.309
21-Sep-14,37.261
26-Sep-14,43.457
1-Oct-14,33.72
6-Oct-14,16.594
11-Oct-14,9.915
16-Oct-14,40.772
21-Oct-14,82.72
26-Oct-14,62.634
1-Nov-14,17.228
6-Nov-14,7.354
11-Nov-14,4.722
16-Nov-14,6.568
21-Nov-14,8.148
26-Nov-14,24.067
1-Dec-14,14.829
6-Dec-14,3.599
11-Dec-14,1.658
16-Dec-14,4.156
21-Dec-14,1.464
26-Dec-14,1.62
1-Jan-15,2.317
6-Jan-15,1.574
11-Jan-15,0.456
16-Jan-15,0.472
21-Jan-15,0.559
26-Jan-15,0.997
1-Feb-15,1.251
6-Feb-15,1.399
11-Feb-15,2.341
16-Feb-15,2.898
21-Feb-15,2.293
26-Feb-15,2.456
1-Mar-15,2.517
6-Mar-15,1.776
11-Mar-15,1.821
16-Mar-15,1.168
21-Mar-15,2.939
26-Mar-15,8.966
1-Apr-15,5.988
6-Apr-15,5.846
11-Apr-15,15.922
16-Apr-15,1.869
21-Apr-15,25.56
26-Apr-15,17.113
1-May-15,24.288
6-May-15,28.544
11-May-15,23.59
16-May-15,20.403
21-May-15,29.626
26-May-15,30.072
1-Jun-15,23.806
6-Jun-15,23.067
11-Jun-15,38.845
16-Jun-15,54.599
21-Jun-15,70.453
26-Jun-15,13.343
1-Jul-15,9.182
6-Jul-15,82.381
11-Jul-15,63.907
16-Jul-15,52.685
21-Jul-15,21.089
26-Jul-15,58.952
1-Aug-15,63.403
6-Aug-15,56.225
11-Aug-15,48.923
16-Aug-15,41.279
21-Aug-15,47.307
26-Aug-15,59.078
1-Sep-15,45.274
6-Sep-15,52.622
11-Sep-15,79.483
16-Sep-15,36.254
21-Sep-15,25.367
26-Sep-15,38.194
1-Oct-15,65.971
6-Oct-15,27.983
11-Oct-15,34.855
16-Oct-15,12.142
21-Oct-15,7.855
26-Oct-15,18.58
1-Nov-15,35.368
6-Nov-15,47.976
11-Nov-15,15.53
16-Nov-15,5.098
21-Nov-15,9.687
26-Nov-15,8.956
1-Dec-15,6.886
6-Dec-15,1.309
11-Dec-15,1.198
16-Dec-15,8.43
21-Dec-15,3.804
26-Dec-15,1.022
1-Jan-16,0.95
6-Jan-16,1.438
11-Jan-16,0.81
16-Jan-16,1.762
21-Jan-16,0.807
26-Jan-16,1.154
1-Feb-16,1.298
6-Feb-16,1.402
11-Feb-16,1.412
16-Feb-16,1.27
21-Feb-16,1.581
26-Feb-16,1.056
1-Mar-16,1.743
6-Mar-16,1.971
11-Mar-16,4.431
16-Mar-16,0.94
21-Mar-16,1.653
26-Mar-16,2.064
1-Apr-16,4.38
6-Apr-16,3.08
11-Apr-16,1.869
16-Apr-16,5.703
21-Apr-16,2.419
26-Apr-16,20.272
1-May-16,16.16
6-May-16,17.52
11-May-16,38.554
16-May-16,33.727
21-May-16,56.187
26-May-16,74.271
1-Jun-16,40.612
6-Jun-16,49.14
11-Jun-16,43.505
16-Jun-16,86.278
21-Jun-16,65.216
26-Jun-16,52.043
1-Jul-16,37.451
6-Jul-16,62.009
11-Jul-16,58.192
16-Jul-16,66.287
21-Jul-16,45.35
26-Jul-16,82.061
1-Aug-16,47.14
6-Aug-16,58.561
11-Aug-16,43.366
16-Aug-16,30.898
21-Aug-16,55.244
26-Aug-16,73.55
1-Sep-16,36.565
6-Sep-16,54.466
11-Sep-16,95.852
16-Sep-16,107.375
21-Sep-16,83.293
26-Sep-16,68.293
1-Oct-16,41.131
6-Oct-16,66.296
11-Oct-16,60.769
16-Oct-16,51.333
21-Oct-16,51.148
26-Oct-16,87.239
1-Nov-16,35.68
6-Nov-16,34.022
11-Nov-16,4.823
16-Nov-16,21.987
21-Nov-16,31.552
26-Nov-16,4.625
1-Dec-16,9.08
6-Dec-16,2.7
11-Dec-16,13.159
16-Dec-16,5.435
21-Dec-16,2.354
26-Dec-16,2.576
1-Jan-17,1.217
6-Jan-17,2.997
11-Jan-17,3.986
16-Jan-17,2.474
21-Jan-17,1.021
26-Jan-17,1.646
1-Feb-17,4.332
6-Feb-17,1.422
11-Feb-17,1.268
16-Feb-17,1.352
21-Feb-17,11.258
26-Feb-17,1.95
1-Mar-17,2.05
6-Mar-17,2.03
11-Mar-17,4.76
16-Mar-17,20.437
21-Mar-17,9.778
26-Mar-17,27.411
1-Apr-17,19.533
6-Apr-17,11.054
11-Apr-17,8.631
16-Apr-17,2.51
21-Apr-17,14.478
26-Apr-17,36.01
1-May-17,33.402
6-May-17,49.838
11-May-17,46.736
16-May-17,65.863
21-May-17,59.367
26-May-17,108.957
1-Jun-17,33.003
6-Jun-17,48.118
11-Jun-17,21.12
16-Jun-17,16.199
21-Jun-17,60.436
26-Jun-17,37.251
1-Jul-17,51.148
6-Jul-17,66.295
11-Jul-17,69.475
16-Jul-17,81.908
21-Jul-17,88.75
26-Jul-17,45.69
1-Aug-17,49.647
6-Aug-17,34.47
11-Aug-17,44.016
16-Aug-17,74.091
21-Aug-17,63.826
26-Aug-17,95.527
1-Sep-17,25.201
6-Sep-17,39.613
11-Sep-17,62.396
16-Sep-17,48.822
21-Sep-17,62.901
26-Sep-17,46.642
1-Oct-17,55.493
6-Oct-17,32.904
11-Oct-17,35.058
16-Oct-17,32.734
21-Oct-17,21.682
26-Oct-17,7.853
1-Nov-17,10.07
6-Nov-17,22.967
11-Nov-17,25.766
16-Nov-17,28.027
21-Nov-17,11.158
26-Nov-17,9.355
1-Dec-17,10.144
6-Dec-17,1.832
11-Dec-17,1.315
16-Dec-17,1.174
21-Dec-17,7.337
26-Dec-17,3.678
1-Jan-18,1.628
6-Jan-18,4.91
11-Jan-18,2.139
16-Jan-18,1.278
21-Jan-18,3.956
26-Jan-18,11.694
1-Feb-18,1.568
6-Feb-18,1.441
11-Feb-18,1.27
16-Feb-18,3.187
21-Feb-18,4.703
26-Feb-18,2.031
1-Mar-18,7.988
6-Mar-18,8.007
11-Mar-18,2.428
16-Mar-18,8.762
21-Mar-18,6.67
26-Mar-18,20.289
1-Apr-18,6.888
6-Apr-18,5.354
11-Apr-18,7.342
16-Apr-18,13.51
21-Apr-18,11.944
26-Apr-18,44.848
1-May-18,26.056
6-May-18,29.322
11-May-18,38.465
16-May-18,31.027
21-May-18,40.048
26-May-18,55.257
1-Jun-18,69.03
6-Jun-18,49.543
11-Jun-18,26.581
16-Jun-18,58.693
21-Jun-18,26.331
26-Jun-18,38.753
1-Jul-18,22.997
6-Jul-18,72.546
11-Jul-18,59.052
16-Jul-18,56.682
21-Jul-18,61.154
26-Jul-18,90.584
1-Aug-18,35.964
6-Aug-18,66.375
11-Aug-18,64.841
16-Aug-18,55.371
21-Aug-18,49.625
26-Aug-18,47.431
1-Sep-18,58.993
6-Sep-18,65.808
11-Sep-18,82.414
16-Sep-18,48.118
21-Sep-18,48.666
26-Sep-18,30.841
1-Oct-18,41.673
6-Oct-18,6.698
11-Oct-18,15.991
16-Oct-18,39.088
21-Oct-18,36.941
26-Oct-18,6.904
1-Nov-18,3.862
6-Nov-18,7.879
11-Nov-18,5.328
16-Nov-18,11.364
21-Nov-18,14.227
26-Nov-18,8.954
1-Dec-18,2.182
6-Dec-18,17.109
11-Dec-18,3.736
16-Dec-18,1.308
21-Dec-18,3.694
26-Dec-18,8.176
1-Jan-19,3.073
6-Jan-19,0.591
11-Jan-19,0.666
16-Jan-19,0.72
21-Jan-19,0.685
26-Jan-19,0.923
1-Feb-19,1.133
6-Feb-19,1.242
11-Feb-19,1.004
16-Feb-19,1.109
21-Feb-19,3.014
26-Feb-19,0.835
1-Mar-19,1.576
6-Mar-19,1.285
11-Mar-19,2.798
16-Mar-19,2.849
21-Mar-19,16.503
26-Mar-19,12.399
1-Apr-19,21.075
6-Apr-19,11.453
11-Apr-19,15.472
16-Apr-19,10.905
21-Apr-19,16.615
26-Apr-19,12.438
1-May-19,19.392
6-May-19,49.596
11-May-19,39.371
16-May-19,11.006
21-May-19,38.476
26-May-19,47.132
1-Jun-19,33.359
6-Jun-19,45.972
11-Jun-19,21.47
16-Jun-19,48.591
21-Jun-19,41.766
26-Jun-19,16.855
1-Jul-19,63.777
6-Jul-19,12.565
11-Jul-19,17.721
16-Jul-19,40.539
21-Jul-19,49.159
26-Jul-19,93.585
1-Aug-19,36.343
6-Aug-19,45.683
11-Aug-19,29.046
16-Aug-19,41.619
21-Aug-19,64.434
26-Aug-19,101.079
1-Sep-19,81.711
6-Sep-19,37.449
11-Sep-19,52.057
16-Sep-19,79.233
21-Sep-19,41.377
26-Sep-19,25.836
1-Oct-19,31.889
6-Oct-19,24.143
11-Oct-19,16.857
16-Oct-19,20.456
21-Oct-19,4.537
26-Oct-19,33.485
1-Nov-19,21.354
6-Nov-19,17.052
11-Nov-19,4.047
16-Nov-19,3.102
21-Nov-19,4.128
26-Nov-19,3.502
1-Dec-19,1.166
6-Dec-19,0.892
11-Dec-19,0.836
16-Dec-19,1.242
21-Dec-19,0.891
26-Dec-19,0.876
1-Jan-20,0.915
6-Jan-20,1.475
11-Jan-20,1.363
16-Jan-20,0.583
21-Jan-20,0.803
26-Jan-20,1.219
1-Feb-20,0.926
6-Feb-20,1.01
11-Feb-20,1.016
16-Feb-20,1.775
21-Feb-20,1.1
26-Feb-20,0.921
1-Mar-20,4.05
6-Mar-20,4.681
11-Mar-20,6.096
16-Mar-20,5.539
21-Mar-20,2.033
26-Mar-20,3.005
1-Apr-20,9.208
6-Apr-20,13.924
11-Apr-20,25.404
16-Apr-20,19.766
21-Apr-20,23.122
26-Apr-20,11.55
1-May-20,7.465
6-May-20,10.56
11-May-20,26.253
16-May-20,48.102
21-May-20,54.699
26-May-20,58.393
1-Jun-20,35.033
6-Jun-20,42.414
11-Jun-20,52.808
16-Jun-20,48.04
21-Jun-20,28.039
26-Jun-20,44.596
1-Jul-20,35.394
6-Jul-20,20.914
11-Jul-20,40.385
16-Jul-20,53.95
21-Jul-20,39.067
26-Jul-20,76.256
1-Aug-20,52.833
6-Aug-20,65.736
11-Aug-20,63.775
16-Aug-20,40.13
21-Aug-20,27.471
26-Aug-20,37.653
1-Sep-20,33.89
6-Sep-20,38.955
11-Sep-20,52.968
16-Sep-20,136.41
21-Sep-20,37.365
26-Sep-20,58.49
1-Oct-20,62.166
6-Oct-20,83.475
11-Oct-20,59.191
16-Oct-20,78.702
21-Oct-20,11.766
26-Oct-20,84.085
1-Nov-20,6.784
6-Nov-20,21.007
11-Nov-20,5.545
16-Nov-20,9.815
21-Nov-20,7.432
26-Nov-20,6.673
1-Dec-20,1.722
6-Dec-20,1.922
11-Dec-20,6.527
16-Dec-20,5.398
21-Dec-20,6.669
26-Dec-20,1.874
1-Jan-21,1.268
6-Jan-21,1.072
11-Jan-21,0.451
16-Jan-21,0.612
21-Jan-21,0.675
26-Jan-21,1.071
1-Feb-21,2.246
6-Feb-21,6.858
11-Feb-21,2.342
16-Feb-21,2.396
21-Feb-21,2.58
26-Feb-21,1.826
1-Mar-21,5.056
6-Mar-21,3.392
11-Mar-21,1.838
16-Mar-21,1.716
21-Mar-21,6.245
26-Mar-21,3.92
1-Apr-21,22.795
6-Apr-21,15.394
11-Apr-21,21.395
16-Apr-21,33.563
21-Apr-21,49.754
26-Apr-21,26.065
1-May-21,17.886
6-May-21,22.975
11-May-21,28.816
16-May-21,42.16
21-May-21,72.777
26-May-21,32.267
1-Jun-21,23.332
6-Jun-21,52.531
11-Jun-21,50.029
16-Jun-21,18.903
21-Jun-21,24.132
26-Jun-21,11.475
1-Jul-21,32.379
6-Jul-21,56.135
11-Jul-21,96.369
16-Jul-21,53.022
21-Jul-21,68.118
26-Jul-21,41.079
1-Aug-21,33.287
6-Aug-21,21.786
11-Aug-21,72.147
16-Aug-21,33.444
21-Aug-21,68.646
26-Aug-21,106.564
1-Sep-21,92.843
6-Sep-21,90.295
11-Sep-21,58.985
16-Sep-21,70.16
21-Sep-21,101.902
26-Sep-21,32.055
1-Oct-21,63.106
6-Oct-21,40.098
11-Oct-21,65.833
16-Oct-21,71.722
21-Oct-21,43.412
26-Oct-21,69.262
1-Nov-21,13.764
6-Nov-21,23.416
11-Nov-21,21.416
16-Nov-21,18.969
21-Nov-21,13.519
26-Nov-21,15.951
1-Dec-21,3.242
6-Dec-21,1.355
11-Dec-21,1.251
16-Dec-21,2.428
21-Dec-21,4.786
26-Dec-21,1.664
1-Jan-22,0.969
6-Jan-22,0.733
11-Jan-22,0.624
16-Jan-22,0.672
21-Jan-22,1.009
26-Jan-22,3.355
1-Feb-22,3.36
6-Feb-22,4.619
11-Feb-22,19.347
16-Feb-22,6.363
21-Feb-22,8.172
26-Feb-22,1.214
1-Mar-22,4.939
6-Mar-22,8.294
11-Mar-22,2.625
16-Mar-22,29.533
21-Mar-22,15.365
26-Mar-22,42.551
1-Apr-22,24.994
6-Apr-22,3.768
11-Apr-22,11.101
16-Apr-22,36.634
21-Apr-22,18.534
26-Apr-22,40.203
