Date,WL
2020-06-19,1.1658333333333333
2020-06-20,1.1234374999999999
2020-06-21,1.153125
2020-06-22,1.2228125
2020-06-23,1.2739583333333333
2020-06-24,1.3313541666666666
2020-06-25,1.3827083333333334
2020-06-26,1.3895833333333334
2020-06-27,1.3546875
2020-06-28,1.2972916666666667
2020-06-29,1.184375
2020-06-30,1.1498958333333333
2020-07-01,1.189375
2020-07-02,1.2621875
2020-07-03,1.3282291666666668
2020-07-04,1.3491666666666668
2020-07-05,1.3878125
2020-07-06,1.4766666666666666
2020-07-07,1.548125
2020-07-08,1.5403125
2020-07-09,1.4905208333333333
2020-07-10,1.4845833333333334
2020-07-11,1.4196875
2020-07-12,1.4325
2020-07-13,1.3872916666666668
2020-07-14,1.2955208333333335
2020-07-15,1.2742708333333332
2020-07-16,1.2992708333333334
2020-07-17,1.3370833333333334
2020-07-18,1.3428125
2020-07-19,1.3510416666666665
2020-07-20,1.3620833333333333
2020-07-21,1.4157291666666667
2020-07-22,1.4555208333333332
2020-07-23,1.4766666666666666
2020-07-24,1.5040624999999999
2020-07-25,1.5173958333333333
2020-07-26,1.52125
2020-07-27,1.5058333333333334
2020-07-28,1.4811458333333334
2020-07-29,1.3865625000000001
2020-07-30,1.3323958333333332
2020-07-31,1.2801041666666666
2020-08-01,1.2375
2020-08-02,1.3220833333333333
2020-08-03,1.4902083333333334
2020-08-04,1.6803125
2020-08-05,1.8354166666666665
2020-08-06,1.9221875
2020-08-07,2.0058333333333334
2020-08-08,2.02625
2020-08-09,2.0792708333333336
2020-08-10,2.3173958333333333
2020-08-11,2.598333333333333
2020-08-12,2.8015624999999997
2020-08-13,2.8964583333333334
2020-08-14,2.898645833333333
2020-08-15,2.8596874999999997
2020-08-16,2.8311458333333337
2020-08-17,2.8015624999999997
2020-08-18,2.7485416666666667
2020-08-19,2.7171875
2020-08-20,2.7728125
2020-08-21,2.9225
2020-08-22,3.099895833333333
2020-08-23,3.2548958333333338
2020-08-24,3.3426041666666664
2020-08-25,3.3789583333333333
2020-08-26,3.3709375
2020-08-27,3.3221875
2020-08-28,3.2973958333333333
2020-08-29,3.3359375
2020-08-30,3.434270833333333
2020-08-31,3.5338541666666665
2020-09-01,3.51
2020-09-02,3.405416666666667
2020-09-03,3.288854166666667
2020-09-04,3.176458333333333
2020-09-05,3.076875
2020-09-06,2.9893750000000003
2020-09-07,2.8784375
2020-09-08,2.76625
2020-09-09,2.681979166666667
2020-09-10,2.605729166666667
2020-09-11,2.5209375
2020-09-12,2.449479166666667
2020-09-13,2.4265624999999997
2020-09-14,2.4615625
2020-09-15,2.4952083333333333
2020-09-16,2.508645833333333
2020-09-17,2.5252083333333335
2020-09-18,2.5623958333333334
2020-09-19,2.6242708333333336
2020-09-20,2.7186458333333334
2020-09-21,3.025104166666667
2020-09-22,3.429479166666667
2020-09-23,3.5370833333333334
2020-09-24,3.437291666666667
2020-09-25,3.30125
2020-09-26,3.229791666666667
2020-09-27,3.2317708333333335
2020-09-28,3.27125
2020-09-29,3.3123958333333334
2020-09-30,3.326041666666667
2020-10-01,3.2819791666666664
2020-10-02,3.263541666666667
2020-10-03,3.2538541666666667
2020-10-04,3.2575000000000003
2020-10-05,3.2918749999999997
2020-10-06,3.34625
2020-10-07,3.391875
2020-10-08,3.4105208333333334
2020-10-09,3.362083333333333
2020-10-10,3.4059375000000003
2020-10-11,3.525625
2020-10-12,3.733125
2020-10-13,3.9386458333333336
2020-10-14,4.103854166666667
2020-10-15,4.245729166666666
2020-10-16,4.3656250000000005
2020-10-17,4.421354166666666
2020-10-18,4.4971875
2020-10-19,4.59875
2020-10-20,4.708645833333333
2020-10-21,4.818854166666667
2020-10-22,4.855416666666667
2020-10-23,4.8215625
2020-10-24,4.773958333333334
2020-10-25,4.7225
2020-10-26,4.685208333333334
2020-10-27,4.6471875
2020-10-28,4.622395833333333
2020-10-29,4.57125
2020-10-30,4.544479166666666
2020-10-31,4.592395833333334
2020-11-01,4.6478125
2020-11-02,4.6334375
2020-11-03,4.575833333333333
2020-11-04,4.49625
2020-11-05,4.3965625
2020-11-06,4.282105263157895
2020-11-07,4.166354166666667
2020-11-08,4.087916666666667
2020-11-09,3.9680208333333336
2020-11-10,3.856145833333333
2020-11-11,3.769375
2020-11-12,3.696875
2020-11-13,3.695520833333333
2020-11-14,3.7265625
2020-11-15,3.799375
2020-11-16,3.779583333333333
2020-11-17,3.682916666666667
2020-11-18,3.5776041666666667
2020-11-19,3.485208333333333
2020-11-20,3.3921875
2020-11-21,3.2838541666666665
2020-11-22,3.178020833333333
2020-11-23,3.0634374999999996
2020-11-24,2.9647916666666667
2020-11-25,2.8858333333333337
2020-11-26,2.8132291666666664
2020-11-27,2.767708333333333
2020-11-28,2.713645833333333
2020-11-29,2.6767708333333338
2020-11-30,2.6309375
2020-12-01,2.6073958333333334
2020-12-02,2.585104166666667
2020-12-03,2.5636458333333336
2020-12-04,2.53875
2020-12-05,2.4871874999999997
2020-12-06,2.4109374999999997
2020-12-07,2.3594791666666666
2020-12-08,2.316875
2020-12-09,2.263541666666667
2020-12-10,2.22375
2020-12-11,2.1959375
2020-12-12,2.2365625000000002
2020-12-13,2.294375
2020-12-14,2.3072916666666665
2020-12-15,2.3207291666666667
2020-12-16,2.3011458333333334
2020-12-17,2.278958333333333
2020-12-18,2.2304166666666667
2020-12-19,2.165
2020-12-20,2.09625
2020-12-21,1.9830208333333335
2020-12-22,1.8451041666666665
2020-12-23,1.7346875
2020-12-24,1.7714583333333334
2020-12-25,1.7820833333333335
2020-12-26,1.8141666666666667
2020-12-27,1.809375
2020-12-28,1.8358333333333334
2020-12-29,1.8247916666666668
2020-12-30,1.8397916666666667
2020-12-31,1.9340624999999998
2021-01-01,1.9789583333333332
2021-01-02,1.9683333333333335
2021-01-03,1.9345833333333333
2021-01-04,1.9333333333333333
2021-01-05,1.8635416666666667
2021-01-06,1.79875
2021-01-07,1.7938541666666667
2021-01-08,1.7846874999999998
2021-01-09,1.811875
2021-01-10,1.8521875
2021-01-11,1.8372916666666665
2021-01-12,1.850625
2021-01-13,1.8878125
2021-01-14,1.8351041666666665
2021-01-15,1.7794791666666667
2021-01-16,1.7281250000000001
2021-01-17,1.6859374999999999
2021-01-18,1.623125
2021-01-19,1.5090625
2021-01-20,1.3420833333333333
2021-01-21,1.2276041666666666
2021-01-22,1.1604166666666667
2021-01-23,1.1873958333333332
2021-01-24,1.341875
2021-01-25,1.33875
2021-01-26,1.3180208333333334
2021-01-27,1.3683333333333332
2021-01-28,1.4473958333333332
2021-01-29,1.5071875
2021-01-30,1.555
2021-01-31,1.541875
2021-02-01,1.5346875000000002
2021-02-02,1.5308333333333335
2021-02-03,1.5020833333333332
2021-02-04,1.43875
2021-02-05,1.3666666666666665
2021-02-06,1.3161458333333333
2021-02-07,1.3147916666666666
2021-02-08,1.2994791666666667
2021-02-09,1.3544791666666667
2021-02-10,1.3326041666666668
2021-02-11,1.3607291666666665
2021-02-12,1.4310416666666665
2021-02-13,1.5185416666666667
2021-02-14,1.5131249999999998
2021-02-15,1.4473958333333332
2021-02-16,1.3848958333333332
2021-02-17,1.3371875
2021-02-18,1.3283333333333334
2021-02-19,1.2336458333333333
2021-02-20,1.2209375
2021-02-21,1.2777083333333332
2021-02-22,1.2673958333333333
2021-02-23,1.2338541666666667
2021-02-24,1.2249999999999999
2021-02-25,1.1964583333333334
2021-02-26,1.2138541666666667
2021-02-27,1.2326041666666667
2021-02-28,1.2591666666666665
2021-03-01,1.2995833333333333
2021-03-02,1.2804166666666668
2021-03-03,1.3058333333333334
2021-03-04,1.3505208333333334
2021-03-05,1.3263541666666667
2021-03-06,1.2578125
2021-03-07,1.2419791666666666
2021-03-08,1.25875
2021-03-09,1.2575
2021-03-10,1.2644791666666666
2021-03-11,1.3175000000000001
2021-03-12,1.3670833333333334
2021-03-13,1.3989583333333335
2021-03-14,1.4072916666666666
2021-03-15,1.4103124999999999
2021-03-16,1.3688541666666667
2021-03-17,1.2951041666666667
2021-03-18,1.2339583333333333
2021-03-19,1.1960416666666667
2021-03-20,1.1570833333333332
2021-03-21,1.1271875
2021-03-22,1.2067708333333333
2021-03-23,1.3271875
2021-03-24,1.3678125
2021-03-25,1.3148958333333334
2021-03-26,1.3722916666666667
2021-03-27,1.3965625
2021-03-28,1.3864583333333333
2021-03-29,1.3580208333333335
2021-03-30,1.3463541666666667
2021-03-31,1.32375
2021-04-01,1.2914583333333334
2021-04-02,1.2532291666666666
2021-04-03,1.2445833333333334
2021-04-04,1.2466666666666668
2021-04-05,1.2722916666666666
2021-04-06,1.2983333333333333
2021-04-07,1.1842708333333334
2021-04-08,1.1371875
2021-04-09,1.2144791666666668
2021-04-10,1.2851041666666667
2021-04-11,1.3638541666666668
2021-04-12,1.3965625
2021-04-13,1.3975
2021-04-14,1.39
2021-04-15,1.3480208333333332
2021-04-16,1.3125
2021-04-17,1.2741666666666667
2021-04-18,1.2478125
2021-04-19,1.245625
2021-04-20,1.2042708333333334
2021-04-21,1.1314583333333335
2021-04-22,1.0597916666666667
2021-04-23,1.04
2021-04-24,1.0725
2021-04-25,1.1781249999999999
2021-04-26,1.2697916666666667
2021-04-27,1.3636458333333332
2021-04-28,1.43
2021-04-29,1.5113541666666668
2021-04-30,1.5891666666666666
2021-05-01,1.6103125
2021-05-02,1.5892708333333332
2021-05-03,1.5697916666666665
2021-05-04,1.5055208333333334
2021-05-05,1.4235416666666667
2021-05-06,1.385
2021-05-07,1.3304166666666666
2021-05-08,1.3720833333333333
2021-05-09,1.39375
2021-05-10,1.4029166666666668
2021-05-11,1.409375
2021-05-12,1.3932291666666667
2021-05-13,1.3769791666666666
2021-05-14,1.4039583333333334
2021-05-15,1.4180208333333333
2021-05-16,1.3938541666666666
2021-05-17,1.3584375
2021-05-18,1.3235416666666666
2021-05-19,1.27125
2021-05-20,1.2313541666666665
2021-05-21,1.1283333333333332
2021-05-22,1.0514583333333334
2021-05-23,1.013125
2021-05-24,1.1613541666666667
2021-05-25,1.3327083333333334
2021-05-26,1.48625
2021-05-27,1.6152083333333334
2021-05-28,1.6894791666666666
2021-05-29,1.7172916666666664
2021-05-30,1.6926041666666667
2021-05-31,1.58125
2021-06-01,1.4323958333333333
2021-06-02,1.3177083333333333
2021-06-03,1.2086458333333334
2021-06-04,1.1078124999999999
2021-06-05,1.089375
2021-06-06,1.0852083333333333
2021-06-07,1.1328125
2021-06-08,1.1576041666666665
2021-06-09,1.2069791666666667
2021-06-10,1.2595833333333333
2021-06-11,1.289375
2021-06-12,1.3088541666666667
2021-06-13,1.3664583333333333
2021-06-14,1.4376041666666666
2021-06-15,1.525625
2021-06-16,1.684375
2021-06-17,1.8670833333333334
2021-06-18,1.9496874999999998
2021-06-19,1.99125
2021-06-20,2.0472916666666667
2021-06-21,2.090104166666667
2021-06-22,2.1494791666666666
2021-06-23,2.2085416666666666
2021-06-24,2.225625
2021-06-25,2.2243749999999998
2021-06-26,2.200625
2021-06-27,2.1483333333333334
2021-06-28,2.0423958333333334
2021-06-29,1.8870833333333332
2021-06-30,1.8157291666666666
2021-07-01,1.7109375
2021-07-02,1.5909375
2021-07-03,1.4817708333333333
2021-07-04,1.4446875
2021-07-05,1.4675
2021-07-06,1.5066666666666666
2021-07-07,1.5435416666666668
2021-07-08,1.5893750000000002
2021-07-09,1.6546874999999999
2021-07-10,1.7090625
2021-07-11,1.7680208333333332
2021-07-12,1.8001041666666666
2021-07-13,1.8513541666666666
2021-07-14,1.8990625
2021-07-15,1.943125
2021-07-16,1.9496874999999998
2021-07-17,1.95
2021-07-18,1.9545833333333331
2021-07-19,1.9426041666666667
2021-07-20,2.0294791666666665
2021-07-21,2.1652083333333336
2021-07-22,2.2926041666666666
2021-07-23,2.415833333333333
2021-07-24,2.4739583333333335
2021-07-25,2.451041666666667
2021-07-26,2.4718750000000003
2021-07-27,2.689583333333333
2021-07-28,3.1509375
2021-07-29,3.5372916666666665
2021-07-30,3.642708333333333
2021-07-31,3.5921875
2021-08-01,3.5620833333333333
2021-08-02,3.5989583333333335
2021-08-03,3.59625
2021-08-04,3.5502083333333334
2021-08-05,3.4608333333333334
2021-08-06,3.3678125
2021-08-07,3.2834375
2021-08-08,3.190729166666667
2021-08-09,3.1039583333333334
2021-08-10,3.018333333333333
2021-08-11,2.973333333333333
2021-08-12,2.9244791666666665
2021-08-13,2.8520833333333333
2021-08-14,2.806354166666667
2021-08-15,2.760104166666667
2021-08-16,2.703958333333333
2021-08-17,2.7135416666666665
2021-08-18,2.7380208333333336
2021-08-19,2.7678125
2021-08-20,2.8110416666666667
2021-08-21,2.8699999999999997
2021-08-22,2.9363541666666664
2021-08-23,2.9959375
2021-08-24,3.018125
2021-08-25,3.0
2021-08-26,2.935833333333333
2021-08-27,2.8847916666666666
2021-08-28,2.8833333333333333
2021-08-29,2.899479166666667
2021-08-30,2.9182291666666664
2021-08-31,2.9519791666666664
2021-09-01,2.9805208333333333
2021-09-02,2.988645833333333
2021-09-03,2.9839583333333333
2021-09-04,2.9770833333333333
2021-09-05,3.0195833333333333
2021-09-06,3.0959375
2021-09-07,3.1768750000000003
2021-09-08,3.2380208333333336
2021-09-09,3.29125
2021-09-10,3.387916666666667
2021-09-11,3.4771875
2021-09-12,3.550625
2021-09-13,3.6573958333333336
2021-09-14,3.862916666666667
2021-09-15,4.159166666666667
2021-09-16,4.2596875
2021-09-17,4.2238541666666665
2021-09-18,4.13875
2021-09-19,4.073645833333333
2021-09-20,4.011041666666666
2021-09-21,3.9645833333333336
2021-09-22,3.93
2021-09-23,3.9321875
2021-09-24,3.931770833333333
2021-09-25,3.95375
2021-09-26,4.13
2021-09-27,4.431666666666667
2021-09-28,4.550104166666666
2021-09-29,4.504166666666666
2021-09-30,4.415416666666666
2021-10-01,4.320833333333334
2021-10-02,4.2551041666666665
2021-10-03,4.228750000000001
2021-10-04,4.224270833333334
2021-10-05,4.268958333333333
2021-10-06,4.304374999999999
2021-10-07,4.305416666666667
2021-10-08,4.264583333333333
2021-10-09,4.222291666666667
2021-10-10,4.2375
2021-10-11,4.3190625
2021-10-12,4.3890625
2021-10-13,4.384270833333333
2021-10-14,4.383020833333333
2021-10-15,4.377395833333334
2021-10-16,4.4044791666666665
2021-10-17,4.481145833333334
2021-10-18,4.5562499999999995
2021-10-19,4.543333333333333
2021-10-20,4.4484375
2021-10-21,4.6154166666666665
2021-10-22,4.637708333333333
2021-10-23,4.651041666666667
2021-10-24,4.607083333333333
2021-10-25,4.555
2021-10-26,4.5356250000000005
2021-10-27,4.438020833333334
2021-10-28,4.375208333333333
2021-10-29,4.346770833333333
2021-10-30,4.376666666666667
2021-10-31,4.4178125
2021-11-01,4.457708333333334
2021-11-02,4.4340625000000005
2021-11-03,4.364583333333333
2021-11-04,4.29
2021-11-05,4.2247916666666665
2021-11-06,4.163125
2021-11-07,4.1076041666666665
2021-11-08,4.06375
2021-11-09,4.008958333333333
2021-11-10,3.9459375
2021-11-11,3.8732291666666665
2021-11-12,3.8074999999999997
2021-11-13,3.7565625
2021-11-14,3.7540625
2021-11-15,3.713125
2021-11-16,3.6986458333333334
2021-11-17,3.683229166666667
2021-11-18,3.674375
2021-11-19,3.6190625
2021-11-20,3.5640625
2021-11-21,3.5096875
2021-11-22,3.4597916666666664
2021-11-23,3.4295833333333334
2021-11-24,3.3988541666666667
2021-11-25,3.353125
2021-11-26,3.280625
2021-11-27,3.2109375
2021-11-28,3.1503125
2021-11-29,3.0890625000000003
2021-11-30,3.035833333333333
2021-12-01,
2021-12-02,
2021-12-03,
2021-12-04,
2021-12-05,
2021-12-06,
2021-12-07,
2021-12-08,
2021-12-09,
2021-12-10,
2021-12-11,
2021-12-12,
2021-12-13,
2021-12-14,
2021-12-15,
2021-12-16,
2021-12-17,
2021-12-18,
2021-12-19,
2021-12-20,
2021-12-21,
2021-12-22,
2021-12-23,
2021-12-24,
2021-12-25,
2021-12-26,
2021-12-27,
2021-12-28,
2021-12-29,
2021-12-30,
2021-12-31,
2022-01-01,
2022-01-02,
2022-01-03,
2022-01-04,
2022-01-05,
2022-01-06,
2022-01-07,
2022-01-08,
2022-01-09,
2022-01-10,
2022-01-11,
2022-01-12,
2022-01-13,
2022-01-14,
2022-01-15,
2022-01-16,
2022-01-17,
2022-01-18,
2022-01-19,
2022-01-20,
2022-01-21,
2022-01-22,
2022-01-23,
2022-01-24,
2022-01-25,
2022-01-26,
2022-01-27,
2022-01-28,
2022-01-29,
2022-01-30,
2022-01-31,
2022-02-01,
2022-02-02,
2022-02-03,
2022-02-04,
2022-02-05,
2022-02-06,
2022-02-07,
2022-02-08,
2022-02-09,
2022-02-10,
2022-02-11,
2022-02-12,
2022-02-13,
2022-02-14,
2022-02-15,
2022-02-16,
2022-02-17,
2022-02-18,
2022-02-19,
2022-02-20,
2022-02-21,
2022-02-22,
2022-02-23,
2022-02-24,
2022-02-25,
2022-02-26,
2022-02-27,
2022-02-28,
2022-03-01,
2022-03-02,
2022-03-03,
2022-03-04,
2022-03-05,
2022-03-06,
2022-03-07,
2022-03-08,
2022-03-09,
2022-03-10,
2022-03-11,
2022-03-12,
2022-03-13,
2022-03-14,
2022-03-15,
2022-03-16,
2022-03-17,
2022-03-18,1.2087096774193549
2022-03-19,1.3453125000000001
2022-03-20,1.4082291666666666
2022-03-21,1.4735416666666667
2022-03-22,1.5093750000000001
2022-03-23,1.5047916666666667
2022-03-24,1.4875
2022-03-25,1.4822916666666668
2022-03-26,1.4166666666666667
2022-03-27,1.3555208333333333
2022-03-28,1.3184375
2022-03-29,1.3755208333333335
2022-03-30,1.5408333333333333
2022-03-31,1.6040625000000002
2022-04-01,1.6770833333333333
2022-04-02,1.7792708333333334
2022-04-03,1.8741666666666665
2022-04-04,1.9779166666666665
2022-04-05,1.9487499999999998
2022-04-06,1.8807291666666668
2022-04-07,1.8087499999999999
2022-04-08,1.7363541666666666
2022-04-09,1.6613541666666667
2022-04-10,1.5734375
2022-04-11,1.4553125
2022-04-12,1.3305208333333334
2022-04-13,1.2507291666666667
2022-04-14,1.2861458333333333
2022-04-15,1.3415625
2022-04-16,1.4001041666666667
2022-04-17,1.4614583333333335
2022-04-18,1.5272916666666667
2022-04-19,1.6190625
2022-04-20,1.6676041666666668
2022-04-21,1.6788541666666665
2022-04-22,1.6496875
2022-04-23,1.6004166666666666
2022-04-24,1.4954166666666666
2022-04-25,1.3670833333333334
2022-04-26,1.2327083333333333
